:020000041000EA
:10000000002008205B0100101B0100101D010010E2
:100010001101001011010010110100101101001058
:100020001901001019010010190100101F01001022
:10003000110100101901001021010010230100100E
:100040001101001011010010110100101101001028
:100050001101001011010010110100101101001018
:100060001101001011010010110100101101001008
:1000700011010010110100101101001011010010F8
:1000800011010010110100101101001011010010E8
:1000900011010010110100101101001011010010D8
:1000A00011010010110100101101001011010010C8
:1000B00011010010110100101101001011010010B8
:1000C00011010010110100101101001011010010A8
:1000D0001101001011010010110100101101001098
:1000E0001101001011010010110100101101001088
:1000F0001101001011010010110100101101001078
:100100001101001011010010110100101101001067
:10011000EFF30580103800BE00BE00BE00BE00BE7A
:1001200000BE00BEF2EB8871000101101C0101103D
:100130009C01001090A31AE7D3DEFFFF42012110BB
:10014000FF01000040220100793512AB00201E495A
:10015000086006C881F3088810474FF050400068D7
:1001600008B10020F3E70DA40ECC002902D000F066
:1001700012F8F9E71549164A002000E001C1914242
:10018000FCD114498847144988471449884700BE60
:10019000FDE701C901C29A42FBD370471C0101105F
:1001A000100100206C23002078230110000008209B
:1001B00000000820782301100010082000100820FB
:1001C000000000007047000008ED00E06C230020F4
:1001D00040270020BD31001049020010B531001049
:1001E00070B500F1080684B0066039B304460846CD
:1001F0000D460DF0BBF80F28034603900DD80128DB
:1002000008D12B7823720021039B22686360D154AC
:1002100004B070BD0028F6D00AE00022019003A9C6
:10022000204603F0B7FA0646039A019BA2602060BD
:100230001A46294630460DF083FFE4E7014803F0F3
:100240009FF900BFA8E100102DE9F04F2DED028BC2
:100250000421E3B00F2000F0B1FA052001F072F89C
:1002600007EE900A4FF4C8639FED847AF8EE677A40
:10027000DFF830828249C8F8903002A887EE878A7A
:10028000FFF7AEFF7F4908A8FFF7AAFF7E490EA837
:10029000FFF7A6FF7D4914A8FFF7A2FF7B491AA824
:1002A000FFF79EFF794920A8FFF79AFF784926A813
:1002B000FFF796FF74492CA8FFF792FF744932A804
:1002C000FFF78EFF714938A8FFF78AFF6F493EA8F4
:1002D000FFF786FF6D4944A8FFF782FF6C494AA8E3
:1002E000FFF77EFF684950A8FFF77AFF684956A8D4
:1002F000FFF776FF62495CA8FFF772FFDFF8A8A15D
:10030000DAF80C300DF12009142B59E9067554D890
:10031000DAF80840002C00F093805E4E35B98BE08F
:1003200023682646002B00F08B801C4663689D42A4
:10033000F6D12A463846A1680DF0F2FE0028EFD12A
:100340003368002B00F0818093ED037AC8EE077AC2
:10035000FCEEE77A17EE903A013B9AB2C8F89C207F
:10036000D8F898205B084C4C82EA03436FF30F03E4
:10037000C4F89830D8F88C30FA20DB4303F001033E
:10038000C4F88C3000F0F8FDD8F88C300F2203F060
:1003900001034FF00001C4F88C3041EC40202820CC
:1003A00000F0EAFD09F1180968AB4B45A8D059E9FE
:1003B0000675DAF80C30142BAAD929463846374A84
:1003C00003F080F8DAF804B0DAF80030B0FBFBFC98
:1003D0000BFB1C0C53F82C60002E36D034682369BC
:1003E000002D35D02A460546AB42CDF80090B946DF
:1003F000674602D163689A420FD0216829B30B691E
:100400002646B3FBFBF00BFB103087421DD1AB42FD
:100410000C46F2D163689A42EFD14846A168019236
:100420000DF07EFE019A0028E7D1DDF8009087E705
:100430002368264623B11C466368002BF8D17FE76A
:1004400029463846154A03F03DF8154803F0C8F828
:10045000834203D16368002B3FF472AF2268002A05
:10046000F3D013692646B3FBFBF10BFB11318C452E
:10047000EBD183421446F1D1ECE700BF0000C84243
:10048000DCE10010E0E10010E4E10010E8E1001020
:10049000ECE100100825002000900A4007690FC712
:1004A000F0E1001000800A400025002001232DE922
:1004B000F04F9C4A9C4D9DB009920F959B4A9C4DD4
:1004C000CDE90A3207930D93109313931693199362
:1004D0006B604FF07E5300249648974A08909748E7
:1004E0009749129097482B610E9097481592179054
:1004F00005F1100000F10803944A2B60944B0C9115
:10050000944918921193944A944B1B912146149349
:10051000C5E90244C5E905441A9203F079F86B680D
:10052000984212D90128064600F03381B0F1005FED
:1005300080F033818700384601F06EFA3A46214652
:1005400007460DF0D1FDC5E900760AAC0DF17C0936
:10055000EB68142B5BD8AE6854F80C7CDEB1B7B1F5
:1005600054F8088C01E03668AEB173689F42FAD146
:100570003A464046B1680DF0D3FD0028F3D10C3463
:10058000A145E5D11DB0BDE8F08F36681EB1736896
:10059000002BFAD1F3E73946714A54F8080C02F0FF
:1005A00091FF6E680746B0FBF6FA06FB1A0A1420A4
:1005B00001F032FA4FF0000B84464FF0010E4CF878
:1005C00004BBEB68804614E907008CE8070032465C
:1005D0006449CDF800E005A803F076F89DF81430E2
:1005E000002B5BD12B68C8F8107053F82A204FEA13
:1005F0008A01002A00F0BC801268C8F8002053F875
:100600002A30C3F80080EB680133EB60B7E754E9A8
:1006100003B8534A5946404602F054FF6E682B68AF
:10062000B0FBF6FA06FB1A0A53F82A300746002BED
:10063000BDD01B681A69BBF1000F14D04146B0460B
:100640001E465B468B46974202D172689A421AD088
:10065000366836B13269B2FBF8F108FB11218A45E0
:10066000F1D06E68A3E7BA4202D15A68002A86D058
:100670001B68002BF5D01A69B2FBF6F106FB1121BD
:100680008A45F0D0EDE71A465846B16803930DF05D
:1006900047FD039B00283FF472AFD9E7069E012E69
:1006A00000F08280B6F1005F77D2B00001F0B4F9BB
:1006B0005946B20082460DF017FD0023A868AB60D2
:1006C00098B19C46DFF8A4E0024613690068B3FBCA
:1006D000F6F106FB11335AF82310A9B1096811602D
:1006E0005AF823301A600028EED128681E4B984231
:1006F00003D06968890001F093F9C5E900A6B7FB4A
:10070000F6FA06FB1A7A6DE7A9681160AA604AF842
:1007100023E0116809B14AF82C209C460028D3D167
:10072000E3E700BF0000DC43A4D0824304E20010F2
:1007300000250020E8E10010A4D0A4437BD492431C
:10074000A4F0F64308E20010E4E10010719DAE430E
:10075000DCE100100000C443ECE10010E0E1001017
:1007600007690FC710250020182500200825002044
:10077000AA68C5F80880C8F800203AB1126968680C
:10078000B2FBF0F600FB162243F82280094A5A50C9
:1007900039E705F11807AC61D5E6B6F1804F01D312
:1007A00002F0DEFE02F0CCFEDFF80CA0C5F818B0B7
:1007B00083E700BF08250020182500204FF4807C27
:1007C0000C4B00B553F8202003EB8003C00082F0EF
:1007D000400200F1804003F5805E02F0C00200F5A7
:1007E000203003F54053CEF800204160C3F800C02C
:1007F00000BD00BF048003400FB400B5084883B0BB
:1008000002F042FE049B3BB105A91846019102F09B
:1008100069FC044802F038FE012002F07BFC00BFB6
:100820000CE2001014E7001070B51646EFF31084C8
:1008300072B6DFF848E0DEE8CF2F0123002AFAD1B4
:10084000CEE8423F002AF6D1BFF35F8F012301F0CB
:10085000070CCA0803FA0CF310F802C01CEA0305DF
:1008600008D14CEA030C00F802C0CEE88F5F84F395
:10087000108870BD3046FFF7BFFF00BFBF260020C5
:10088000044A1078431CDBB2182B28BF10231370C6
:10089000704700BF101D00204FF0E022936843F026
:1008A00000539360704700BF0021044B03F1200206
:1008B000C3E88F1F01339342FAD17047B42600205A
:1008C0004FF0E0234FF08032C3F80024C3F8042433
:1008D000C3F80824C3F80C24C3F81024C3F8142464
:1008E000C3F81824C3F81C24C3F82024C3F8242414
:1008F000C3F82824C3F82C24C3F8302462B6704708
:10090000012300F01F029340400941B1800000F133
:10091000604000F56140C0F8803103607047024AD2
:10092000203042F82030704700E100E008B5EFF3D6
:10093000108E72B6134BD3E8CFCF0122BCF1000F5B
:10094000F9D1C3E84C2FBCF1000FF4D1BFF35F8F96
:100950000D4A10309268DFF834C052F8202062450A
:1009600001D091420BD1084A926842F82010BFF39F
:100970005F8F0022C3E88F2F8EF3108808BD00F030
:1009800077FD00BFBD26002000ED00E01101001042
:10099000014B0B4403607047B426002070B5104C27
:1009A000104DAC420ED2FF26236863B1FFF768FFFB
:1009B00001462046FFF7ECFFA680BFF35F8F0834A7
:1009C000AC42F1D370BDFFF75BFF01462046FFF755
:1009D000DFFF2671BFF35F8F0834AC42E4D370BDF4
:1009E000642300206C23002010490B68EFF3108073
:1009F00072B6D3E8CFCF0122BCF1000FF9D1C3E822
:100A00004C2FBCF1000FF4D1BFF35F8F084A4FF0B9
:100A1000000C1378096801331370C1E88FCF80F39D
:100A2000108840BF00200021704700BF38270020F9
:100A30003D270020000000002DE9F04F2DED028B36
:100A400085B0EFF30583DBB2103B9A0818BF012293
:100A50004FF0010103F0030B18BFA94CA94B08BFCD
:100A6000A94C0BEB820253F8225001FA0BF204F569
:100A700041539FEDA18B02925A602FE0AB8819047D
:100A800040F19480AB79002B40F0DE80B5F908602E
:100A9000002EC0F21C816B6906EB460603EBC60311
:100AA000D3E90267B7F1FF3F08BFB6F1FF3F0ED0B1
:100AB00004EB8B01A36A0A69D21AF31A934205D395
:100AC0000123226A03FA0BF3134200D10E61204680
:100AD00000F076FBB042B941C0F2F980B5F9086088
:100AE000029B002EE363C9DBD5F8149006EB460A9F
:100AF00009EBCA07BB682046D7F80C80019300F0C9
:100B00005FFB019B984271EB0801B7DBB8F1000F66
:100B1000C0F2C080D7E904317C4A934200F0F880EB
:100B20007A88B5F9080092B242EA00409847024636
:100B30000B4652EA030100F0AD80002B80F2CD801D
:100B40000199B1EB020E68EB030839F93A30C7E9B5
:100B500002E8002B92DB686903EB430200EBC20260
:100B6000D2E90271BE4578EB010C4FEA430285DB06
:100B7000AC462CF8083F06E003EB430100EBC10153
:100B80005A00D1E90271BE4578EB01011A4405DB38
:100B900030F9323000EBC20C002BEDDA29F83A3094
:100BA000ACF80060AB8819043FF56CAF2B69EFF32C
:100BB000108272B6D3E8CF0F01210028FAD1C3E822
:100BC000401F0028F6D1BFF35F8F4FF6FF76A8884D
:100BD0000023296900B2AE80C1E88F3F82F31088FC
:100BE0009842FFF64FAF0746A1466E6905F1080827
:100BF000B5F9083007EB470E002BC44606EBCE02D2
:100C000015DBD2E90240AA46019704E036F93530F7
:100C10009446002B09DB03EB430506EBC502D2E942
:100C20000271BC4270EB0101F0DA5546019FACF84D
:100C3000007036F93E7026F83E30002FD8DAAB79D6
:100C40004C46002B3FF422AF0023AB71B5F908608E
:100C5000721C33463BD0686905F1080E03E08E46EE
:100C60005A1C3FF415AF03EB430200EBC2014F885F
:100C70009C463F0430F93230F1D5664581ED028B58
:100C8000EED0AEF800302989664620F83210A5F87B
:100C900008C0E5E739F83A302B812B69EFF3108271
:100CA00072B6D3E8CF0F01210028FAD1C3E8401F64
:100CB0000028F6D1BFF35F8F6B88296929F83A3095
:100CC00000236E80C1E88F3F82F31088D6E640BFD4
:100CD00005B0BDEC028BBDE8F08F20460393019276
:100CE00000F06EFA019A039B10EB020E43EB010831
:100CF0002BE700BFAFF30080FFFFFFFFFFFFFFFF09
:100D000000800B401827002000000B40390A00101B
:100D100008460B69039198470028BBD00399D1E995
:100D2000002306E738B5384B1C692CB1BDE83840C4
:100D30000A213648FFF72CBE0321354800F02EFA71
:100D4000334D314BDD60FFF79BFD324A4FF0504E83
:100D5000024403202C4B4FF00F0C18701A61DEF880
:100D600000204FF6FF715A705A69A3F802C014832D
:100D70004FF00204A2F848404FF00404A2F8784073
:100D80004FF00504A2F890404FF00604A2F8A840E6
:100D90004FF00704A2F8C0404FF00904A2F8F04059
:100DA0004FF00A04A2F808414FF00B04A2F82041CA
:100DB0004FF00C04A2F838414FF0010414864FF0B4
:100DC0000804A2F8D840144C4FF00D0E4FF00E0C52
:100DD0009C6008249980A2F850E1A2F868C1A2F8AA
:100DE000600011800D4A2C620D49D360FFF79EFD13
:100DF00001210320FFF784FD0A4B0A211C640348EC
:100E0000BDE83840FFF7C4BD201D00203827002072
:100E100000000B40B4260020FFFF10001827002020
:100E2000390A001000200B40F0B516461F46026933
:100E30000346EFF3108072B6D2E8CF4F0121002CA9
:100E4000FAD1C2E8441F002CF6D1BFF35F8FB3F98B
:100E500002101D69002945DBD3F814E001EB4102C3
:100E60003EF832400EEBC20C5C800024C5E88F4F88
:100E700080F3108805983546CCF8100006983E4659
:100E8000CCF81400BCF80200CCE902560130C0F3E3
:100E90000E00012838BF0120ACF8020040EA0140F2
:100EA000D3F810C0EFF3108572B6DCE8CF7F0126CF
:100EB000002FFAD1CCE8476F002FF6D1BFF35F8F38
:100EC000B3F804C02EF832C099801A69C2E88F4F77
:100ED00085F3108801211C78DA68A14002F50153DE
:100EE0005960F0BD0023C5E88F3F80F310884FF0B4
:100EF000FF30F0BD03464089B0EB214F3ADD586921
:100F00000A1402EB420210B5D3F810C000EBC20085
:100F1000EFF3108E72B6DCE8CF4F0122002CFAD12D
:100F2000CCE8442F002CF6D1BFF35F8F428889B202
:100F300092B28A4207D000221B69C3E88F2F8EF33A
:100F40001088002010BD6FEA42426FEA5242428090
:100F50000121002218699971C0E88F2F8EF3108843
:100F600093F800C0DA68084602F5015301FA0CF163
:100F7000596010BD002070472DE9F04383B006464C
:100F800000F026F94FF47A7304464FF0FF306FF00B
:100F90000042E6FB0341A04272EB01033ABF044664
:100FA00015460D46A61F45F1FF37B44275EB070302
:100FB0003CBF0026374600F00BF9301A67EB010101
:100FC000012871F1000106DA2046294603B0BDE888
:100FD000F04300F037B900F0FBF8864267EB0101FF
:100FE00000290ADB00211D4B324600931C483B467A
:100FF0000191FFF719FF0130E6D04FF0000E194ABA
:10100000DFF868C01849536A9F4204D8906AB0421A
:10101000DAD29F42D8D1DCF80030EFF3108072B6FC
:10102000D3E8CF9F5FF00108B9F1000FF8D1C3E812
:10103000498FB9F1000FF3D1BFF35F8F0B785FFADF
:1010400083F8DCF80030C3E88FEF80F3108808786D
:10105000804500D120BF20BFD5E700BFE9090010BF
:10106000201D002000000B403D27002038270020D5
:10107000F0B5024685B0EFF30585EDB2002D61D1E4
:101080000B46424CD4E90001994208BF90424AD035
:10109000CDE902233E4BDF681E78384600F090F819
:1010A00006F1040C57F82CC0029A039BACEB000C21
:1010B000101A63EB0101604571F1000133DACDE9EB
:1010C000022300F085F8029A039B824263EB010140
:1010D000002949DB2F492E4800910195CDE90232C4
:1010E000FFF7A2FEDDE90232011E3DDD2A48C4E918
:1010F0000023446A9C4246D3806A904241D32448EC
:10110000CDE90232FFF7F6FE2349029B486A984276
:101110001CD314BF012000208B6A039A934228BF7E
:1011200040F001000CE020BF1B49486A98420DD3F3
:1011300014BF012000208B6A934228BF40F00100B9
:1011400005B0F0BD1448436A8B4202D2002005B0BE
:10115000F0BD14BF01230023816A914234BF1846B9
:1011600043F0010005B0F0BD0B49486A9842EDD349
:10117000C01A18BF01208B6A934228BF40F00100BB
:10118000DEE79C42BBD120BFB9E700BF181D00209D
:10119000201D0020E909001000000B4010B4054B91
:1011A000054C064AA04214BF1846581C10BCFFF755
:1011B0003BBB00BFD426002000800B401CE2001087
:1011C0000346416A0A46986A596A8A42FAD17047C8
:1011D000034B596A0A46986A596A9142FAD1704794
:1011E00000000B4000B58E46154A536A9C46916A32
:1011F000536A6345FAD1401853EB0E034FF00002D7
:1012000028BF0122BAB10E4B5A6A531C08BF1046C0
:1012100008D04FF0FF33184609494A6A9A42FCD376
:101220009A4207D1064B02E0596A914202D1996A6B
:101230008142F9D300BD024A526A9342ECD8EFE7EB
:1012400000000B40074A536A9942FCD8994207D1E3
:10125000044B02E05A6A914202D19A6A9042F9D84C
:10126000704700BF00000B4000EB400C4FEA8C0CB5
:101270000CF1804C0CF5803C70B51E46DCF8043057
:10128000041FB3F5803F38BF4FF48033E4B238BF5A
:10129000CCF80430012C2ED94FF40065284B0CF506
:1012A000405ECEF8005053F820E0BEF1000F17D199
:1012B000DCF800E0012C8EEA421202F0E0020CF5AC
:1012C000805ECEF800202BD94FF4006143F82060F7
:1012D0004FF480330CF500521160CCF8043070BD2F
:1012E0005D69B5FBFEFE0EF1010E0EEB4E0EBEF17A
:1012F000030EFCD2DCE70129CED103240CF54053C8
:101300001C60DCF80830DB07FBD5DCF800300CF59E
:10131000805E83EA421303F0E003CEF80030084B0E
:101320000122DCF800404C4004F00304CEF80040F9
:1013300002FA01F1DCF808200A42FBD0C4E700BF42
:10134000D8260020014B53F820007047D8260020F3
:1013500010B5029C8E464FEA043C4CEA034C1C4BF1
:10136000B3FBF1F30168B2FBF3F4002920DB194A67
:10137000194B904214BF4FF480424FF4004217497A
:101380001A6003F580531A608B6832EA0303FBD1BD
:10139000212200F540530433C0F800E084601A6055
:1013A0000268002AFCDA0822C0F80CC01A6010BDDE
:1013B000036803F03F037345D9D18368C3F30B037C
:1013C000A342D4D1C36803F4EE236345CFD110BD4B
:1013D000001BB700008005400020024000000240D2
:1013E000012300EB4000800000F1804000F58410F4
:1013F00041600360704700BF0023DB8A002242E89F
:1014000000F2520201D4102118470421184700BFEE
:10141000034AD2F82838002BFBD0BFF35F8F704708
:1014200000000E400021044B044ABFF35F8F43F8D5
:10143000041B9342F9D170470C080E402C080E4053
:101440004FF42A6C4FF48D70054A064B0649C2F8DA
:1014500000C0D06019605368002BFCDA704700BFF1
:101460000080044000A0044000B0FA00704700BFB4
:1014700008B50148FFF7C0F940E2001038B5054C47
:10148000054DAC4204D254F8043B9847AC42FAD321
:1014900038BD00BF60E10010A0E100100648DFF891
:1014A00028C0064B064A0749C0F800C01A608B687E
:1014B00032EA0303FBD170470020024000300240B3
:1014C000F6FFF303000002407F3BEFEF044BDB6CC1
:1014D000B3F5004F03D14FF48022024BDA6470471A
:1014E00000001150002011504FF0E022044BD2F8C0
:1014F000881D0B43C2F8883D10EE3004704700BFD2
:10150000030330006FF06041044B054A1960936893
:10151000DB4333F06043FAD1704700BF0030024034
:101520000000024010B545F25320FFF765FFBDE80B
:10153000104003460420184710B545F25320FFF72A
:101540005BFFBDE81040034601201847FFF7ACB928
:101550001349144B70B55C1AA508442D2A4628BFC0
:101560004422114E920030460CF0EAFD432D13D870
:101570000E4A0FD0C5F144003319410803EBC101F5
:10158000C3E9002208338B42FAD1C30704D520F007
:101590000100054446F82520054B9E6070BD00BF44
:1015A00000000010100100100000002011010010C8
:1015B00000ED00E0002370B52B4C82B0C4F88430FD
:1015C000FFF73EFF0122294BDA63636C012BFCD14C
:1015D0000321264A244B11639C6B012CFCD102266B
:1015E000052521460523224A22480096FFF7B0FE32
:1015F00021462B46204A21480095FFF7A9FE0022EC
:10160000042031461E4BFFF72FFE214628460022BC
:101610001C4BFFF729FE0022082011461A4BFFF74A
:1016200023FE002209201146174BFFF71DFE002262
:1016300006201146134BFFF717FE0022114B07201F
:101640001146FFF711FE0420FFF77CFE00240F4B2C
:10165000A3FB0035AD0CE0B229460134FFF7C0FE14
:10166000062CF8D102B070BD0000014000300140EE
:10167000002F685900000540008C86470080054017
:10168000001BB70080D1F008006CDC0283DE1B4336
:10169000C1F30A530A4673B3A3F2FF33002B24DBD2
:1016A000332B2CDC10B54FF0010E8446C3F134010E
:1016B000C3F11400143B0EFA01F12EFA03F30EFAF3
:1016C00000F018434B1E40F1FF3403EAE27313EBC2
:1016D0000C0E04EAE27342EB03024B4260EB400C57
:1016E00002EA0C010EEA030010BD00294FF00000D1
:1016F00006DA04497047184601F000417047704708
:10170000002170470000F0BF86B003B451FC08040C
:10171000CDE9020151FC0904CDE9040151EC0A04B0
:10172000CDE9060103BCF047BDE800504EEC00C413
:10173000BDE800504EEC01C4BDE800504EEC02C4C0
:1017400000BD000000B5FFF7DFFF02E010FE30F43F
:10175000F8D441EC100443EC112400EE010410EE27
:10176000010480EE200451EC1004704700B5FFF72F
:10177000CBFF02E010FE30F4F8D441EC100443EC4F
:10178000112400EE010410EE210480EE200451EC3F
:101790003004704700B5FFF7B7FF02E010FE30F4E9
:1017A000F8D410B541EC100443EC112451EC0404BE
:1017B00053EC0524A0FB024C5FF0000EE0FB03CECF
:1017C000E1FB02CE4CEC20440024E1FB03E444ECBA
:1017D00030E480EE200451EC500410BD00B5FFF75A
:1017E00093FF02E010FE30F4F8D441EC100443EC17
:1017F000112451EC2104A0FB01126FEA820252FB7A
:10180000100052FB12F252FB1000A0EBD07C53EC04
:1018100004245CFB13F153EC1524A1FB022001FB13
:10182000030053EC4424A2EB000050FB1CF24FEAEF
:10183000111312EB017043EBE27140EA515020EAC0
:10184000915020F0070053EC7524A0FB023C53ECB0
:10185000752400FB03CC01FB02CC53EC0424ACEB5D
:10186000824C40EA5C70A0F1010041EC400480EE43
:10187000200451EC7004704700B5FFF745FF02E00B
:1018800010FE30F4F8D440EC700400EE010410EEC9
:10189000210480EE200451EC3004704700B5FFF7BE
:1018A00033FF02E010FE30F4F8D440EC600400EEA8
:1018B000010410EE210480EE200451EC3004704746
:1018C00000B5FFF721FF02E010FE30F4F8D441EC40
:1018D000800400EE010410EE010480EE400410EEDE
:1018E0001304704700B5FFF70FFF02E010FE30F45D
:1018F000F8D441EC800400EE010410EE010480EE07
:10190000400410EE3304704700B5FFF7FDFE02E01F
:1019100010FE30F4F8D441EC100443EC112400EE36
:10192000010410EE3004C0F30070704700B5FFF7FB
:10193000EBFE02E010FE30F4F8D443EC102441EC4E
:10194000110400EE010410EE30F48CBF01200020E1
:10195000704700BF00B5FFF7D7FE02E010FE30F47D
:10196000F8D443EC102441EC110400EE010410EE15
:1019700030F42CBF01200020704700BF00B5FFF7F6
:10198000C3FE02E010FE30F4F8D441EC100443EC46
:10199000112400EE010410EE30F42CBF01200020D1
:1019A000704700BF00B5FFF7AFFE02E010FE30F455
:1019B000F8D441EC100443EC112400EE010410EEC5
:1019C00030F48CBF01200020704700BF10B50446E2
:1019D0000AF0A4FB20B1044A0319934200D810BDB9
:1019E0000248FEF709FF00BF000008204CE200108B
:1019F00010B50C460AF00AFF20B1044A03199342BD
:101A000000D810BD0248FEF7F7FE00BF0000082016
:101A10004CE200100AF08ABBFFF7D8BFFFF7FABF0D
:101A2000FFF7F8BF9A4238BF88547047704700BF2D
:101A30002DE9F04F83B00F461146DDE90EB2920753
:101A40009846DDE90C93064629D00D469BB109EB7B
:101A5000030405EB040A01950D460D93AAEB04025D
:101A600014F8010D43463946B047A145F6D1294641
:101A70000D9B019D1D440F9B9B070CD56C1AA34524
:101A800009D92A464346394620200134B0475C45EF
:101A900005F10105F5D3284603B0BDE8F08F5B459D
:101AA00015D28A461C468946ABEB03050D445246C7
:101AB0004346394620200AF1010AB047AA45F6D12B
:101AC00049462346DDF83090002CC0D1E3E70D46AF
:101AD000002BBCD1DFE700BF2DE9F04F0F460F9977
:101AE00006469DF82C008D079046DDE90CA299462C
:101AF0008346099CDDF828C00E9B49D4002B42D1B7
:101B0000944545D201F0010504F1FF3E3020E64442
:101B100005E00CF1010C62450EF8010F02D9BCF191
:101B2000200FF6D1002D00F08780634530D9601E6C
:101B30004FF0300E604405E00CF1010C9C4500F8BC
:101B400001EF25D0BCF1200FF6D1CD060ED548050A
:101B500051D4624564D0634562D0BAF1100F4DD0C4
:101B6000BAF1020F55D0BCF1200F2DD12022CDE9C2
:101B70000B310A924B464246394630460994BDE83D
:101B8000F04FFFF755BF11F001052ED19445BBD39F
:101B9000CD061ED54805E0D4BCF1000FD9D1BAF16D
:101BA000100F5FD0BAF1020F74D030224FF0010C49
:101BB0002270BBF1000F12D1480742D52B2204F846
:101BC0000C200CF10102D2E762460CF1010C30202E
:101BD000A054BCF1200FC9D0BBF1000FECD02D22D6
:101BE00004F80C200CF10102C1E798B3944503F10D
:101BF000FF3389D399E7BAF1100FB7D18D063DD5E0
:101C0000BCF1200FB2D0582204F80C200CF1010CCA
:101C1000A9E7BCF1200FA9D062460CF1010C08E045
:101C2000BCF10102BBD0BAF1100F35D0BAF1020FEE
:101C3000CDD16220A05496E7CD06CAD5480588D5F7
:101C40008BE70A0749BF2022624604F80C200CF1FA
:101C500001028CE711F00C0F00D0013B9445FFF41A
:101C600053AF62E78A0613D47822227030224FF0F5
:101C7000020C6270BBF1000F9ED0B0E7BCF1200FE8
:101C80003FF474AF782204F80C200CF1010C6AE7E1
:101C90005822EAE76222E8E78D06ACF1020004D59B
:101CA0004FF0580E04F800E091E74FF0780E04F87A
:101CB00000E08CE700B9704701F0A4BB0000000011
:101CC0002DE9F04F97B09DED207BDDE9225B80464A
:101CD000894651EC170B9A46249B0C9207930246B7
:101CE0000B468DED047BFFF713FE002840F0E381E7
:101CF000DDE904014FF0FF326FF48013FFF71AFEA5
:101D0000002840F0CB80DDE904014FF0FF32B24BF8
:101D1000FFF74CFE002840F09F80DDE90467AAA38E
:101D2000D3E9002330463946FFF740FE002840F053
:101D30008280A7A3D3E9002330463946FFF7FAFD96
:101D4000002878D13046394600220023FFF7F2FD03
:101D5000002840F098800D90079B302113F4806F8D
:101D600008BF06250EAA2B46A5F1200605E0013B7B
:101D7000B34202F8011B00F06581092BF7D81E461B
:101D8000ED1ADDE90401FFF79FFD944B044603EBD8
:101D9000C60393ED007B8DED087BFFF771FD0246D6
:101DA0000B46DDE90401FFF7E5FCDDE90823FFF759
:101DB000F5FCCDE90A01FFF799FD0746FFF772FD33
:101DC00002460B46DDE90A01FFF7D4FC0022844BF2
:101DD000CDE90A01FFF7EAFD002800F0888001370D
:101DE0003846FFF75FFD02460B46DDE90801FFF7C5
:101DF000B5FD08B100270134002E00F088800DF1F8
:101E00003703DFF8F0C158190DE0ACFB0721C90812
:101E100001EB8102A7EB42023032092F00F8012FBB
:101E200040F2FB800F46202D06F1FF3605F101053B
:101E3000EBD1202586E0079B9DED047BCDE923B304
:101E40004946534640460C9A8DED207B229517B0AB
:101E5000BDE8F04F00F080B9079B494658074CBFDA
:101E600004230323404621935346079A48BF5D4C01
:101E7000CDE922B258BF5C4C0C9A209417B0BDE853
:101E8000F04FFFF7D5BD3B46324600200021FFF75B
:101E900071FC0123CDE904010D935DE7079B03F07D
:101EA00002029C07049200F0F4800C9F3D464F4EC6
:101EB000341D14F8010D2A4653464946C047A64230
:101EC00005F10105F5D1049B3C1D63B10C9D631B1D
:101ED0009B4508D922465346494620200134C04735
:101EE000631B9B45F6D8204617B0BDE8F08F002253
:101EF000DDE90A013A4BFFF71DFD00287FF47CAFB6
:101F0000002F40F0C2800137002E7FF478AF2046CA
:101F1000FFF7B6FC02460B46DDE90401FFF72AFC99
:101F200000222F4B06460F46FFF704FD40B930460E
:101F3000394600222A4BFFF739FD002800F0A18026
:101F40000DF137032A4859190EE080FB0476C2EBE5
:101F5000A60202EB8206A4EB460630361446013593
:101F600001F8016F002A47D0202D4FEAE472ECD12E
:101F7000079A02F00302012A14D1BBF1000F11D01D
:101F80000D9A002A60D00BF1FF3BBBF1200F09D95D
:101F900030222B4404E001355D4503F8012F31D296
:101FA000202DF8D1079B0EACCDE902B30094534627
:101FB000494640460C9A0195FFF73AFD04462046F3
:101FC00017B0BDE8F08F00BF0000000065CDCD4127
:101FD0000000000065CDCDC1FFFFEF7FA0ED001038
:101FE0000000E03F98E20010A0E20010A8E200101C
:101FF00067666666CDCCCCCC079A02F00302012A54
:1020000000F09680202DCDD00D9B3BB32D220DEB03
:10201000050383F838200135C4E7202D3FF409AFCC
:1020200030212E445A1905E00135202D02F8011FF8
:102030003FF4FFAEAE42F7D12E226E44013586F852
:1020400038207FE720259CE6079A12F00C0F5AD023
:102050000BF1FF3BAB459BD8202DA3D0079B5A0724
:1020600006D52B220DEB050383F83820013599E7BF
:102070001B0797D520220DEB050383F83820013587
:1020800090E7013424F001045AE7F9077FF5B4AE74
:1020900039E7BBF1040F7FF608AF0C9B1D46043BEC
:1020A00003EB0B072A465346494620200135C0471B
:1020B000AF42F7D1FAE6079B03F002029D070492B4
:1020C00025D00C9F3D46224EF41C14F8010D2A46E3
:1020D00053464946C047A64205F10105F5D1049B88
:1020E000FC1C002B3FF4FFAE0C9D631B9B457FF651
:1020F000FAAE22465346494620200134C047631BAE
:102100009B45F6D8EFE6AB453FF642AF4AE7BBF159
:10211000030FD6D90C9B1D46033B03EB0B072A4646
:102120005346494620200135C047BD42F7D1C9E793
:10213000BBF1000F3FF466AF0D9A002A84D00BF17B
:10214000FF3B5D45FFF424AF202D7FF45FAF29E70F
:10215000A4E20010000000002DE9F04F9FB01E46E1
:10216000DDE928ABDDE92B982A9B04460D460B924E
:102170000A9352465B4650465946FFF7C9FB002872
:1021800040F0C680504659464FF0FF327B4BFFF778
:102190000DFC002840F0BC80504659464FF0FF32FD
:1021A0006FF48013FFF7C6FB002840F0B180504663
:1021B000594600220023FFF7BDFB002840F0DD81D7
:1021C000CDE908ABDDE9081218F480600B460F4634
:1021D00008F400610C921491159040F0A88013430C
:1021E00040F0D080002940F0EC8106230A9318F0DB
:1021F0000202109240F0DD814B46042B38BF0423CD
:102200000E920422043B1292149350465946002227
:102210000023FFF78FFB002840F02A829DED087B0A
:10222000149B0B9A03930A9B8DED007B029328F479
:1022300000630493294633462046FFF741FD0246DA
:1022400018F0200F334629460CBF6520452002F1C7
:102250000108A047129B0DF1580A03F1FF3B0E9BAA
:10226000002283EAE37C5046DFF814E10B9FACEBDD
:10227000E37CD90FCDF8208002E0202AC44610D09C
:10228000AEFB0C384FEAD80808EB8803ACEB4303ED
:1022900001303033BCF1090F02F1010200F8013CBA
:1022A000EBD805234FF0000C06930A23DDF82080BD
:1022B000CDE90121CDE9033CCDF800A033464246EB
:1022C00029462046CDF814B0FFF706FC109B824645
:1022D000D3B1A0EB0708C14516D907EB0802334676
:1022E0002946202008F10108A047C145F5D87B1EEA
:1022F0004B44C7F10102A3EB0A035244914538BF96
:1023000000230AF1010A9A4450461FB0BDE8F08F3D
:10231000334629462046CDE928AB0A9CCDE92B98C7
:102320000B9A2A941FB0BDE8F04FFFF7C9BC57EADB
:10233000020329D100293FF45AAF00230E930A9BD0
:102340000E9A934200F3BA81002750465946002264
:102350000023FFF7EFFA002840F015819DED087B80
:1023600028F4006343F480632C938DED287B33467F
:1023700029462046CDE92A790B9AD3E7FFFFEF7F64
:10238000CDCCCCCC06230A930C9BC3F30A50A0F20D
:10239000FF30FFF775FAB2A3D3E90023FFF7FEF988
:1023A000B1A3D3E90023FFF7D1F90C9BCDE90E01CE
:1023B000C3F3130343F07F5138460022A24B41F48C
:1023C0004011FFF7D7F994A3D3E90023FFF7E6F90B
:1023D00002460B46DDE90E01FFF7B8F9FFF774FA84
:1023E0000E90FFF74DFA8EA3D3E90023CDE90C013F
:1023F000FFF7D4F90022954BFFF7A8F9FFF764FA2D
:1024000089A3D3E900230746DDE90C01FFF7C6F9EC
:10241000CDE90C013846FFF733FA85A3D3E9002351
:10242000FFF7BCF902460B46DDE90C01FFF7A2F904
:1024300002460B46CDE90C23FFF7B0F9CDE91001B8
:10244000DDE90C0102460B46FFF780F90022CDE9D9
:102450001201DDE910017E4BFFF7C4F900227D4B2C
:10246000FFF774F902460B46DDE91001FFF7BAF9F0
:102470000022794BFFF76AF902460B46DDE91001AD
:10248000FFF7B0F9CDE91001DDE90C2300204FF092
:102490008041FFF76FF902460B46DDE91001FFF7B7
:1024A00055F902460B46DDE91201FFF79BF90022C0
:1024B0006A4BFFF74BF907F2FF3C00224FEA0C533F
:1024C000FFF76CF902460B46DDE90801CDE90C2364
:1024D000FFF730FA50B1DDE90C010E9B0022013B01
:1024E0000E935C4BFFF77EF9CDE90C01DDE90C01A1
:1024F0000E9B02466333C62B08F002031093149B15
:102500002DD8002B5FD0042312930A433FF417AF5A
:10251000DDE9080148A3D3E90023FFF733FA48B106
:10252000DDE9080146A3D3E90023FFF703FA0028F9
:102530007FF405AF0A9B002B51D0159A002A00F0BA
:10254000AC80013B0A93129B994505D9109B002B47
:1025500000F0AF80022310930023149344E02BBBC0
:10256000B9F1050F4FD908F00203002B49D105231B
:102570001293A9F1050314933AE00BF10043CDF84F
:1025800020A009931EE628F4006343F480632046EC
:10259000CDE92A792C933346DDE90867344629468C
:1025A00007F10045CDE928450B9ABBE605231293B8
:1025B000ABE70222002310920422149312920E938E
:1025C00023E60527C1E6B9F1040F1FD9109B002BA4
:1025D00077D104231293A9F10403149304E0129B0E
:1025E00099455FD80A9B14930E9B002B3FF40DAEC8
:1025F000DDE90801DDE90C23FFF7F4F8CDE9080176
:1026000003E60223109305231293F1E704231293A8
:10261000EAE700BFAFF3008061436F63A787D23F53
:1026200071A379094F930A401655B5BBB16B0240AF
:10263000EF39FAFE422EE63F2D431CEBE2361A3FFD
:102640000000000080842E410000F83F0000E03FC1
:1026500000002C4000002440000018400000F03F23
:10266000FB799F501344D33FB3C8608B288AC63F81
:10267000149BDDE908A703930A9B07F1004B029323
:1026800028F400630B9A0493294633462046CDE98B
:1026900000ABFFF715FB0246D2E5129B994515D812
:1026A0001492A1E7109B23B10A9B14930223109369
:1026B0009AE7129BA9EB0303149395E79B1A5F1EFD
:1026C00043E604231293022310938DE7109B002B03
:1026D000EFD002231492109386E700BF2DE9F04F4C
:1026E00091469A4C9A4AB1F1000A9BB018BF8346B2
:1026F00014601878974ADDF8908008BF9346002848
:1027000000F08A821D460026CDF8209008E032466F
:102710005146089BD84701362878002800F0C7802A
:10272000252805F10105F2D100222B4613F8011BE3
:10273000A1F1200010280AD8DFE800F03F09093B8A
:102740000909090909090937093309092F00A1F104
:102750003000092840F289802A2900F0E98000240D
:102760002E2900F094800027A1F1680012282CD8AF
:10277000DFE810F04E012B0049012B0040012B0037
:102780002B002B002B002B002B002B0027002B00F5
:102790002B002B002B002B0027001D4642F00102CE
:1027A000C3E71D4642F00202BFE71D4642F00402A5
:1027B000BBE71D4642F01002B7E71D4642F0080293
:1027C000B3E7697842F48072013367291D467ED8E9
:1027D000242940F2B880A1F12503422B00F2B380F6
:1027E000DFE813F05101B100B100B100B100B10058
:1027F000B100B100B100B100B100B100B100B10051
:10280000B100B100B100B100B100B100B100B10040
:10281000B100B100B100B100B100B100B100B10030
:10282000B100B1001E013A011E01B100B100B100BA
:10283000B100B100B100B100B100B100B100B10010
:10284000B100B100B100B100B100B401B100B100FC
:10285000B100B100B100B100B100B100B100B401EC
:102860005801B4011E013A011E01002404EB840446
:1028700001EB440419781D46A1F130000928A4F1A8
:10288000300403F10103F1D92E297FF46CAF69788C
:102890001846A1F13007092F42F4806240F22581E9
:1028A0002A2900F032811D46002701335CE73446B7
:1028B000DDF82090B14501D809F1FF364B4632468C
:1028C00051460020D84720461BB0BDE8F08FA1F14B
:1028D0006903DBB20F2B36D8012049F2410C984036
:1028E00010EA0C0040F0F4800A2B35D0072B2AD1D7
:1028F00058F8041B002940F0108122F0100412F453
:10290000806144F0210400F00A8112AA0823059393
:102910001023CDE900203246069404970393002348
:10292000029351465846089BFFF7D6F80646F3E651
:1029300058F8044B6978002C1D46BCBF42F00202D7
:10294000644201330CE70846E1E600BFDD260010D3
:10295000142700202D1A001058F8049B002F99F816
:10296000000014BF3B464FF0FF33002800F0828385
:10297000494603EB090C04E011F8013F002B00F07D
:1029800043818C45F8D1ACEB0901530540F120811E
:10299000B94228BF394612F0020300F083820223B5
:1029A000CDE9094832468846089C37440B9307E036
:1029B00023465146D84719F8010F013610B1324667
:1029C000B742F5D10B9B4146099CDDF82880002BCE
:1029D0003FF4A2AE37468C427FF69EAE2644089C5A
:1029E000761A3A462346514620200137D847B74247
:1029F000F7D191E669786C297FF4E4AEA97842F4C6
:102A00004072EB1CE1E6697842F400720133DCE6C7
:102A10006978682900F0FB8042F080020133D4E637
:102A2000672900F0C980472900F0CD80452900F0D2
:102A3000CC80CDE9034208F10708029728F0070887
:102A40003246F8E802675146CDE900675846089BD0
:102A5000FFF782FB06465FE6462908BF42F02002E8
:102A6000CDE9034208F10708029728F0070832462B
:102A7000F8E802675146CDE900675846089BFFF722
:102A80001FF9064648E6324651462520089BD8479E
:102A9000013641E608F104039207099306F10107A4
:102AA00040F1C3803246514698F80000089BD84751
:102AB000012C40F2B4812644089C3A4623465146F4
:102AC00020200137D847B742F7D1DDF8248023E62C
:102AD0006F2974D040F24182782900F086814FF04E
:102AE0000A0922F010024B4638E0002707EB87075F
:102AF00001EB4701A1F1300710F8011FA1F13003EC
:102B0000092BF3D90546431C2EE658F8047BA97817
:102B100002356B1C27EAE77726E642F0210412AA69
:102B2000944602E020283FF4F1AE01F00F03092B98
:102B300094BF303337330F298CF8003000F1010097
:102B40000CF1010C4FEA1111ECD8DFE6582966D0E0
:102B5000622940F089804FF002094B4612F4806CE4
:102B600000F0D48022F00D02099212F4007140F0BE
:102B70007B8112F4807008F1040940F0388251061C
:102B800040F13A8198F80010002940F04A81099AF2
:102B900022F010020992BCF1000F00F042810846B9
:102BA00012AA0999CDE90337CDE905410190002327
:102BB000009202933246A1E042F4006239E74FF0FE
:102BC00008094B46CAE742F4006242F0200230E7AF
:102BD00012F0020300F08C810223CDE909481F4660
:102BE0008846089C324623465146D84719F8010FBB
:102BF00001360028F6D13B464146099CDDF8288085
:102C0000002B3FF489ADE5E6A1EB0901BDE6A9780B
:102C100042F0C002EB1CD8E5044606464AE64FF0F7
:102C2000100942F020024B4698E7012C40F2F18057
:102C3000374606F1FF39CDF82880DDF82080A14421
:102C40003A464346514620200137D8474F45F7D1F1
:102C5000DDF828803A4698F800005146089BD8478E
:102C60002644DDF8248057E512F4806300F0C1802B
:102C70004FF4806322F0110010F4007E4AD110F46A
:102C8000807C08F1040940F03781410600F1A980F9
:102C9000020640F1E381B8F9002082EAE271A1EB7B
:102CA000E2711FFA81FED10F0991002A00F05F81C5
:102CB000734612AA9646DFF8A0830A9403E0BCF19B
:102CC000200F23460FD0A8FB0314E40804EB840173
:102CD000A3EB41010EF1010E3031092B0CF1010C77
:102CE0000EF8011CEBD80A9C099B0092CDE901C3A8
:102CF0000A233246CDE905400497039351465846CE
:102D0000089BFEF7E9FEC846064605E522F00C02E0
:102D100009922AE708F1070828F00708D8F80420E4
:102D200058F808CBD10F5CEA020E6CD0002A63463B
:102D300002DA5B4262EB42029146099312AA944680
:102D40004FF0000ECDE90A18CDE90C470E960F9210
:102D500003E0BEF1200F3B4630D04FF0CC3213EBF6
:102D60000901BD4F41F10001A7FB014626F0030414
:102D700004EB9604091B5C1A02FB04F63A4669F15F
:102D8000000802FB08660522A4FB077407F001088F
:102D90002644A8FB024864180A2B0CF1010C4FEAE8
:102DA000570704F1300479F100090EF1010E0CF817
:102DB000014C47EAC6774FEA5609CAD27346DDE9A5
:102DC0000A18DDE90C470E9E0F9ACDF824E0CDE9F4
:102DD00001310A230092CDE905403246049703935E
:102DE0009FE598F8002096465DE74FF010094B46A6
:102DF000B4E622F010003FE711064CBFB8F800100F
:102E0000D8F80010C0E6002B40F0428199460993A3
:102E100094E73246514698F80000089BD8473E4652
:102E200053E6099A0A9412F0200F14BF4FF041089C
:102E30004FF0610812AA9446A8F10A0802E020287F
:102E400071460FD0B1FBF3FE03FB1E14092C94BF97
:102E50003034444499428CF8004000F101000CF1F8
:102E6000010CECD20A9C9CE608F1070828F0070840
:102E7000D8F8042058F8081B0A920A438E467BD1E2
:102E8000099A22F010020992BCF1000F74D00020C0
:102E900012AA0999CDE90020CDE905413246CDE9D4
:102EA00003373CE58C4298BF01317FF679AD4FF492
:102EB0008063CDE909949946A2190B97089F541A8B
:102EC00032463B46514620200136D847A642F7D12C
:102ED000DDE90A474B46DDF8249099F80000002808
:102EE0003FF41AAC611C002B3FF477AE002357E58A
:102EF0008C42DED8013170E6D8F80020D10F002ACC
:102F000000F0B38082EAE273A3EBE27312AA944664
:102F1000CDE90914DFF8408103E0BEF1200F23461C
:102F20000FD0A8FB0314E40804EB8401A3EB4101D8
:102F30000CF1010C3031092B0EF1010E0CF8011CC3
:102F4000EBD8DDE909140A230092CDE905403246A9
:102F5000CDE901E104970393D0E6692922F010003E
:102F600040F0918012F480633FF486AE80E6002B3F
:102F70003FF49FAE12AAB7E6099ACDE90B8412F08E
:102F8000200F14BF41216121CDE90D76CDE90F3B22
:102F9000CDF844A00027F0460A9C12AE0DF1480B74
:102FA000A1F10A0A03E0202F80460C4613D02146E7
:102FB0004A46002340460BF0A7F8D2B2092A94BF34
:102FC00030325244C84574F10004327007F10107F1
:102FD00006F10106E7D23846DDE90B845A460E9E1B
:102FE0000D9F0F9BDDF844A0DDF840B051E7D8F805
:102FF00000E0BEF1000F0DD122F010020992BCF1E9
:10300000000F07D012AA0998CDE90337CDE9054092
:103010000191CCE5099A12F0200F14BF41206120E4
:1030200012AA94460A92A0F10A0202E02029C6469A
:103030000FD0BEFBF3F803FB18E0092894BF303033
:1030400080189E458CF8000001F101010CF1010C83
:10305000ECD20A9AD7E700BFCDCCCCCCD8F8002070
:1030600082EAE27EAEEBE27E1DE6002B3FF44EAF3D
:1030700012AA68E712F480610ED012F0020114D097
:1030800001463746A7E44FF00A0902464B4665E57C
:10309000002312AA09939AE612F002037FF49AAC75
:1030A000002C7FF406AFFFF737BB002C7FF4FFAE98
:1030B000FFF732BB0EB400B584B00DF1140C5CF810
:1030C000043B01464FF0FF32CDF800C00448CDF874
:1030D0000CC0FFF703FB04B05DF804EB03B07047CE
:1030E000251A001010B5094A84B014684CB1034683
:1030F00000914FF0FF3203A90548A047012004B01A
:1031000010BD00F0C1F9204604B010BD1427002006
:10311000B51C001000BEFDE7704700BF074A03461C
:10312000106838B1064903448B428CBF4FF0FF3022
:1031300013607047034908461160F3E70C2700202D
:103140000000082040270020002070474FF0FF308B
:10315000704700BF38B9DFF814C008461146DCE9F3
:10316000002300F017B94FF0FF30704740ED00101A
:10317000431E012B09D810B514460846012300222E
:10318000214600F091F8204610BD4FF0FF30704707
:103190004FF0FF30704700BF4FF0FF30704700BF67
:1031A0004FF0FF30704700BF02288CBF0020012085
:1031B000704700BF08B5FFF7ADFF00BF38B5064C3C
:1031C000064DFEF75BF9AC4204D254F8043B984735
:1031D000AC42FAD338BD00BFA0E10010A8E1001056
:1031E000036808461146184770B505460846697DCC
:1031F00082B000294FD0002A25DD037814460A2B1F
:10320000064622D0012C4FF0000E0DD0324601238D
:1032100012F801CF1946BCF10A0F03F1010320D0C7
:103220009C42F5D1744505DD2B68A4EB0E0106EB3D
:103230000E009847311911F8013CA3F10D03B3FAC0
:1032400083F35B092B7502B070BD2B7D002BD9D1A8
:1032500002212B6813489847012CEBD04FF0010E48
:10326000D4E712F8010C0D28DAD08E4506EB0E00DB
:10327000A1EB0E0105DACDE900322B689847DDE9B4
:103280000032CDE9003202212B6806489847009BA6
:10329000019A9E46C4E711462B6802B0BDE8704013
:1032A000184700BFF0ED00102DE9F04782B09046BE
:1032B0001C460D460746FDF78BFF4FF0FF3C6FF0B5
:1032C00000462E4A821841F10003944576EB030133
:1032D0003CBF624633462A480AF026FF6B1C8246F2
:1032E00040D00CB3274E284B1C68B4B1B8F1000F86
:1032F0001CD1DFF89C8001E0246974B12368002BA5
:10330000FAD0D8F800300BB19C42F5D120462A46BD
:103310003946B0472469002CF0D1BAF1000F26D10C
:10332000284602B0BDE8F087184EDCE74FF00A09E6
:10333000DFF85C8002E02469002CEED02368002BCB
:10334000F9D0D8F800300BB1A342F4D12A4639465F
:103350002046B047012220460DF107018DF8079065
:10336000B047E8E738460AF001F80546B9E70448EF
:103370000AF0EEFE284602B0BDE8F08740420F009A
:1033800064230020E931001000270020E131001003
:10339000082700202DE9F84F06460D46934699462A
:1033A000DFF85880DFF858A0134FD8F8004014B960
:1033B00010E0246974B1DAF800300BB1A342F8D1FF
:1033C000A368002BF5D02946304698470028F0DD49
:1033D000BDE8F88F7B6A994508D8BA6A5A4503D385
:1033E0006FF00100BDE8F88F9945F9D10120002167
:1033F000FDF7F8FED9E700BF00000B4000270020D2
:1034000008270020F0B583B006468DF80700FDF7C9
:10341000DFFE4FF0FF356FF00044174A821841F18C
:103420000003954274EB03013CBF23462A46134830
:103430000AF07AFE124B07461C689CB1114D01E060
:1034400024697CB12368002BFAD02B680BB19C4215
:10345000F6D1204601220DF10701FFF7C5FE2469D0
:10346000002CEFD117B9304603B0F0BD03480AF085
:103470006FFE304603B0F0BD40420F0064230020D1
:10348000002700200827002038B5044609F06EFF09
:10349000012305461A4620462946FFF705FF084B3B
:1034A0001C682CB163682BB198472469002CF9D1B2
:1034B000284638BD2469002CF4D1284638BD00BF09
:1034C00000270020032982EA010230B5044608469D
:1034D0001AD94FEA910EA44618490EF1FF3504EBB4
:1034E0008E0E5CF8043B01FB02F201FB03F3F44592
:1034F00083EA136301FB03F382EA0302F1D104348C
:1035000000F0030004EB850402280ED0032809D044
:1035100001280DD082EA5232084802FB00F080EA0E
:10352000D03030BDA37882EA0342637882EA032276
:103530002178024B4A4003FB02F2EBE795E9D15BAD
:1035400008B5042000F002FA024B034A0349036065
:1035500000F082FF2CF20010F137001018F200107A
:1035600008B5042000F0F2F9024B034A0349036056
:1035700000F072FF68F200102938001054F20010B9
:1035800038B50546082000F0E1F90446294601F067
:10359000B3F9054A2046054900F05EFF204600F0D9
:1035A000EDF900F073FA00BF614700109CF30010C2
:1035B00038B50546082000F0C9F90446294601F04F
:1035C000DDF9054A2046054900F046FF204600F097
:1035D000D5F900F05BFA00BFA1470010BCF3001062
:1035E00038B50546082000F0B1F90446294601F037
:1035F000CFF9054A2046054900F02EFF204600F08D
:10360000BDF900F043FA00BFE1470010DCF3001001
:103610000D29F8B5044603D8A1BB01252846F8BDFD
:10362000F92325485A10002B00EB820CA3EB020370
:103630000DDD50F82250013B8D4221D25A100CF181
:103640000400002B00EB820CA3EB0203F1DC1B4B0C
:10365000056898422DD02846FEF724F906460F4605
:1036600020680AF079FD02460B4630463946FEF7DF
:1036700095F8FEF70DF8FEF739F960602846F8BDB9
:103680001346CFE70E4B5D5C2846FEF7F9F8064679
:103690000F4620680AF060FD02460B463046394668
:1036A000FEF77CF8FDF7F4FFFEF720F9606028468E
:1036B000F8BD4FF0FF30E0E71CEE001000F2001004
:1036C000F4ED0010000000002DE9F04782B00D4637
:1036D00004460A9958186B68984208D990466BB905
:1036E0000A280BD89FED287B57EC176B0AE00023C4
:1036F0002046C4E9003302B0BDE8F087FEF7D2F8F7
:1037000006460F4628680AF027FD02460B4681460A
:103710008A4630463946FEF765F806460F4640466B
:10372000FEF7C0F832463B46CDE90001FEF716F938
:1037300088B948465146DDE90023FEF72FF8FDF72A
:10374000A7FFFEF7D3F8002368602046C4E90033E2
:1037500002B0BDE8F08730463946FDF799FF0022F8
:103760000B4BFDF7F3FFFEF7C1F84FEA480181422A
:1037700038BF01462846FFF74BFF01236060204613
:10378000237002B0BDE8F087000000000000264072
:103790000000F03F6FF0004008B50B6883421BD279
:1037A000934204D9B3EB420F4FEA420C04D3581CA6
:1037B000BDE80840FEF730B9844505D3084B0B60DF
:1037C000BDE80840FEF728B90CF10100C1F800C0BF
:1037D000BDE80840FEF720B90248FFF7E9FE00BF48
:1037E000FEFFFF7FB0E2001000487047C8E2001003
:1037F000034B10B50446036000F09AFA204610BD52
:103800002CF20010054B10B50446036000F090FA4E
:1038100004212046FEF704F9204610BD2CF20010CA
:1038200000487047D8E20010034B10B5044603600F
:10383000FFF7DEFF204610BD68F20010054B10B503
:1038400004460360FFF7D4FF04212046FEF7E8F8A2
:10385000204610BD68F2001021494A6830B5A0F139
:1038600008043AB350F8083C04EB030E1D467245B9
:1038700020D8536825D073B301F1040C05E05968D2
:1038800002F1040C1A4651B10B469E45F7D820D1DF
:10389000536819685B680D445360DCF800301A689F
:1038A00099188C420AD05B6840E90253DCF800307A
:1038B0005C6030BD40F8042C4C6030BD2A441A6076
:1038C00030BD126840F8043C2A4440F8082C4C6093
:1038D00030BD1346E3E7134601F1040CDFE700BFF8
:1038E0007023002010F1090F23D800F10F0222F0FD
:1038F00007021549486828B3043102E0011D4068F9
:10390000C8B103689342F9D308680368A3EB020CBB
:10391000BCF1070F10B544680ED900EB020ECEF8CB
:10392000044040F802C0086802600830C1F800E0B6
:1039300010BD0822DDE77047A64603600830C1F8D5
:1039400000E010BD704700BF7023002010B500F1EB
:1039500080048030FEF73AF838B103468022002117
:1039600018460AF0C1FB803010BD2046FFF7BAFFB1
:1039700003460028F2D100F009FD00BF064B803855
:10398000D3E902231344984201D2824201D3FEF7C5
:1039900041B8FFF761BF00BF7023002070B500245D
:1039A000354D8AB03548EC60C5E9014408F068FB44
:1039B0000823334904930923324A079304230694C6
:1039C0000591CDE90823A0B1044623780F222E48A3
:1039D0003A2B08BF013421460AF0A2FB10B9E37B61
:1039E0002E2B16D020463A2109F0CAFA04460028A8
:1039F000EBD1099A069C402AA8BF4022002C08BFA0
:103A000006243E3402FB04F4A400EC60ACB90AB016
:103A100070BD103404AB1E68214632462EB1586882
:103A200001930AF07DFB019B10B9A25D3D2A0ED0E7
:103A30000C330AAA9342EED1D4E72046FDF7C6FF25
:103A4000A860B0B100236860C0E90043DFE7701CE4
:103A5000002203A90193204409F028F9039C22784D
:103A6000002A18BF3A2ABDD10028BBDB019B986011
:103A7000B8E7E860CBE700BF70230020F4E2001055
:103A800008E3001014E3001020E300101EB400F05F
:103A90008FF81EBC0AF050FB70B51E46037884B048
:103AA0000C46472B1AD0002026490B680191039041
:103AB00008469B689847019970B1039B02251B68D3
:103AC00003932368204603AA1C690123A04720BB57
:103AD0000546284604B070BD0125F2E743784E2B19
:103AE000E1D18378552BDED1C378432BDBD1037929
:103AF000462B1BD0432BD6D143792B2BD3D18379A3
:103B00002B2BD0D1C379012BCDD84FF0000350F827
:103B1000201C039306D05830C7E7039B2846336028
:103B200004B070BD084651F8781CBEE743794F2BAE
:103B3000B9D18379522BB6D1C0790028B3D10249CB
:103B4000B3E700BFF8F20010CCF2001010B5044645
:103B500000F004F9234613F82029472A04D082688C
:103B600022BB8360012010BD62784E2AF7D1A27873
:103B7000552AF4D1E278432AF1D12279432AEED1B1
:103B800062792B2AEBD1A2792B2AE8D1E279012A9A
:103B9000E5D854F8042C0132012A44F8042CE1D170
:103BA000826844F8082C8360012010BD00F0EEFB11
:103BB00008B500F0D3F883687BB393F82020472A38
:103BC00004D00022826003F1200008BD93F8212078
:103BD0004E2AF6D193F82220552AF2D193F82320C9
:103BE000432AEED193F82420432AEAD193F82520E2
:103BF0002B2AE6D193F826202B2AE2D193F827200E
:103C0000012ADED8DA69013ADA61002ADBD1996942
:103C1000816003F120009A6108BD00F0B7FB00BF8E
:103C200010B5044682B000F099F80368224612F8F5
:103C30002019472905D0002B34D10260184602B064
:103C400010BD61784E29F6D1A1785529F3D1E178DC
:103C50004329F0D121794329EDD161792B29EAD18A
:103C6000A1792B29E7D1E1790129E4D854F80C1C7A
:103C7000002914DB013144F80C1C9342416801F126
:103C8000FF31416002D044F8103C0260636A204674
:103C900001930AF059FA019B184602B010BDC1F118
:103CA0000101E8E700F072FB08B500F053F80246A6
:103CB000006870B390F82030472B06D000232030E6
:103CC0001360BDE808400AF017BA90F821304E2B77
:103CD000F4D190F82230552BF0D190F82330432BBB
:103CE000ECD190F82430432BE8D190F825302B2BE1
:103CF000E4D190F826302B2BE0D190F82730012B1F
:103D0000DCD84369002B05DB013B08D05A1C0DD0E1
:103D1000436108BD0133FBD101691160F8E7036914
:103D200020301360BDE808400AF0E6B900F02EFB31
:103D3000704700BF704700BF0048704730E3001075
:103D400000B583B004210190FDF76AFE019803B02D
:103D500000BD00BF004870471C2500200048704788
:103D60001C250020502870B51D461ED000F00F0302
:103D700084460E460C2B55D8DFE803F0074426078F
:103D80001E545454542A22071E00104650F8043B77
:103D90004BB10CF07001102918BF32461CF0800F97
:103DA000134418BF1B682B6070BDD01C20F00300AB
:103DB00050F8043B2B6070BD104650F8083BE7E715
:103DC000104630F9023BE3E7104630F8023BDFE7EC
:103DD00000231046194610F8014B04F07F0E14F032
:103DE000800F0EFA01FE01F1070143EA0E03F2D142
:103DF0001F29CDD86406CBD54FF0FF3404FA01F16A
:103E00000B43C6E700231046194610F8014B04F097
:103E10007F0E24060EFA01FE01F1070143EA0E03AC
:103E2000F3D4B5E708F024F9FF281FD008B500F057
:103E30007003302B15D006D8202B0BD10846BDE8D7
:103E400008400AF065B9402B07D10846BDE8084094
:103E50000AF03AB903D8002008BD502BFBD008F077
:103E600007F90846BDE808400AF042B9002070474B
:103E700030B5034683B00D46144618B101900AF0E0
:103E800023F9019B2A46206012F8015BFF2D2ED1F9
:103E90006060104610F8012BFF2A39D04FF0000C5B
:103EA00010236246237510F8011B01F07F030906F9
:103EB00003FA02F302F107024CEA030CF3D400EB1D
:103EC0000C034FF0000CE36010F8013B6246637591
:103ED00010F8011B01F07F03934007324CEA030CFA
:103EE0000B06F5D400EB0C03236103B030BD19467B
:103EF00028460192FFF798FF019A0146231D2846A4
:103F0000FFF730FF0246104610F8012BFF2AC5D1FB
:103F100000232275D5E700BF00F003032DE9F04F21
:103F2000012B99B04FF000048946904603940E94FB
:103F300000F0A680022B0AD1414648460AF0C0F89C
:103F4000002840F09280082019B0BDE8F08F002BC7
:103F500040F00D8210F00804EED112AB012504935D
:103F6000049B0C224046CDF848900093002319464C
:103F70000AF0B6F840460AF0C3F806900028DBD0F5
:103F800044EA0503049A06994046059311AF039B42
:103F90008DF85C300023CDE91533FFF769FF159BE1
:103FA00004469DF85C004146DDF858A00993039053
:103FB000FFF73AFF002308900F224046194600976A
:103FC0000AF0AAF85445119B36D223F001039DF85C
:103FD0005D50DDF848B05E1E00212846FFF724FF43
:103FE000224601460FAB2846FFF7BCFE04460021DF
:103FF0002846FFF719FF2246014610AB2846FFF777
:10400000B1FE044600212846FFF70EFF2246014676
:104010003B462846FFF7A6FE04460020024614F859
:10402000011B01F07F039340073218430B06F6D4BF
:104030000F9B5B44B3421CD9059BDC0727D50025A9
:104040002E46002340460D22009719460E9C0AF08A
:1040500063F8069B0620C9F82440C9F82850C9E92E
:104060000B36119BC9F820306EE7092019B0BDE866
:10407000F08F109A1344B3425BD85445ACD3DBE7BE
:1040800010F008040AD012AB0493022568E7059BE0
:10409000180700F16A81484607F061FF12AB0D6A0C
:1040A0000D22404604930093039B19460AF034F80E
:1040B000129B9D42E9D14046CDF84890DDE903329C
:1040C000009219460C220AF00BF8D9F83060002E45
:1040D000E1D011AFD9E90A530693002DC0F2058152
:1040E00003240023404600971A461946CDF8449011
:1040F00009F0F6FF0023012240460097194611956A
:1041000009F0EEFF00230F224046194600970AF0FF
:1041100003F8119A0023404602F001020097194665
:10412000324311920F2209F0DBFF022C72D00720DC
:104130000AE7119E002E3FF4FFAE139A16440028A2
:1041400000F00381002E3FF4F7AE059B013813F019
:1041500008020AEB000400F0FC80864BC9F800302E
:10416000854BC9F80430B9F100034FF0010BDDF8BD
:1041700024A018BF0123002A18BF00230A9300239C
:104180000793039B03F00703CDE90B680D9300250C
:104190002A4614F8011B01F07F03080603FA02F314
:1041A00002F1070245EA0305F3D41F2A09D80BFAE6
:1041B00002F311F0400FC3F1000343EA050318BFF7
:1041C0001D4600262046324610F8011B01F07F03F1
:1041D000934007321E430B06F6D41F2A36D84B06EF
:1041E00034D50BFA02F35B421E43002D65D0059BCC
:1041F000022B0DD0002D2FDC6FF040435B1B0AEB30
:1042000083085AF823100A9B002B5AD199B12EB17A
:104210003444BCE74846FFF799FC88E7079BDDE993
:104220000B68002B3FF488AE059BDD073FF584AE9D
:104230000025022455E7059BDA07DDE90B683FF509
:1042400000AF002D3FF44CAF00F0ACF885B1059BFA
:10425000022BDCD0002DCFDD039BFF2B6CD00D9A01
:10426000042A00F28480DFE802F008822508220098
:1042700001230793002ECBD1D0E7AAEB8502089942
:104280003B460398FFF76EFD119949B1B9F1000F54
:10429000BDD00EAB00224846FFF7FEFB0028B6D08B
:1042A000059BD907DDE90B683FF5CBAE18E7AAEB14
:1042B000C502E4E7AAEB4502E1E701233444079392
:1042C00065E700293AD00E9B119303E058F8041FCC
:1042D000002933D041443B4600224846FFF7DCFB2F
:1042E0000028F3D0002E93D198E7099B4046049A0A
:1042F0001593039B06998DF85C30FFF7B9FD414695
:104300009DF85C00159CFFF78FFD6FF04042521B3B
:1043100054F8223004EB820433B12246002352F8D1
:10432000041F01330029FAD1C9F83440C9E90A3021
:104330000423C9F83030D3E65246A0E7059BDB07DB
:10434000DDE90B683FF57DAEC7E6002E7FF46CAF6C
:10435000F2E599F80730012B0CBF59F8203C09F120
:1043600058030E93FFE6FFF75BFC00F00FF807F031
:104370007FFE00BF474E5543464F520008B5804769
:1043800007F076FEFFF74CFC07F072FE08B5024B13
:10439000D3E8AF0FFFF7F2FF3C1D002008B58047C0
:1043A000FFF7F4FF08B5024BD3E8AF0FFFF7F6FFB6
:1043B000381D0020014BD3E8AF0F70473C1D002093
:1043C000014BD3E8AF0F7047381D0020012800B51E
:1043D00083B018D8A1F12803D3E8EF2F013AC3E83E
:1043E000E02F0028F8D162B951F81C3C01F15800C7
:1043F00013B101909847019803B05DF804EBFFF703
:10440000BDBA03B000BD51F8140CFFF7B7FF00BFF1
:10441000002310B5044640F8781C40F8803C40F872
:10442000742CFFF7CDFF44F8700CFFF7C3FF07496A
:10443000074A084B44F86C0CA4F1800044F8581C5F
:1044400044F8542C44F8503C10BD00BF474E55432F
:10445000432B2B00CD430010F8B505460E461746FA
:10446000FFF77CFC044631463A4628466368013330
:104470006360FFF7CDFF0123044644F8283B204644
:1044800009F056FE2046FFF7CBFBFFF77FFF00BF8A
:1044900010B5FFF763FCD0E90042013242606CB115
:1044A00094F82020472A0BD00022026004F120005B
:1044B00009F00EFE04F12000FFF7B2FBFFF766FFE4
:1044C00094F821204E2AEFD194F82220552AEBD1DE
:1044D00094F82320432AE7D194F82420432AE3D1F7
:1044E00094F825202B2ADFD194F826202B2ADBD123
:1044F00094F82720012AD7D8626952426261D5E731
:10450000034B10B50446036000F09EFA204610BD30
:1045100050F30010054B10B50446036000F094FA08
:104520000C212046FDF77CFA204610BD50F3001008
:1045300070B582B005460E46069C94420BD0A86822
:104540003146D0F800C00694DCF82040A44602B002
:10455000BDE87040604719460192009300F064F88E
:10456000DDE900320028EAD0062002B070BD00BFAD
:104570002DE9F04383B00F4619468146019200931E
:10458000DDE90A48DDE90C6500F04EF8DDE90032AE
:1045900078B9B44220D0D9F8080039460768CDE987
:1045A0000C65CDE90A48FC69A44603B0BDE8F043B8
:1045B0006047002F2C602A7109DB3C44A64214BFDF
:1045C00001240624AC71002003B0BDE8F08302375B
:1045D000F9D10123AB71F6E741464846CDE9002306
:1045E00000F022F8DDE900230028D4D06A71EAE760
:1045F0002DE9F04107460E4615461C4600F05EFACE
:1046000058B9B86823462A463146D0F800C0DCF8CD
:1046100018E0F446BDE8F0416047BDE8F08100BF16
:10462000704700BF00207047814211D0406808B534
:1046300003782A2B0AD049680B782A2B08BF01314E
:1046400008F0B6FDB0FA80F0400908BD002008BDB2
:10465000012070473A4B1A7870B582B0002A3ED1DB
:1046600001241C7007F0F6FC78B3446800224FF078
:10467000FF30344D2378114601902A2B01AB08BF3F
:104680000134204607F0EEFB2B6830220121DB6865
:1046900006462D4808F0A8F82A68019BD16883B126
:1046A000204608F065FC2B68022201212748DB68C0
:1046B00008F09AF8019B13B93046FDF7ABF9FFF704
:1046C000E7FE304608F054FCEDE71E4B2D22214654
:1046D0001F481B68DB6808F087F807F0C9FC194B16
:1046E0001D2201211B481B68DB6808F07DF807F0DC
:1046F000BFFC01290C4619D1FFF792FA03689B68A9
:1047000098472B6806460B222146DB68124808F0C2
:104710006BF82B683046D96808F02AFC2B680A2011
:10472000D96808F09DFBFFF7BFFAD6E7FFF778FAE4
:10473000FFF7BAFAD1E7FFF7B7FAFFF7A7F900BF1B
:104740003C2700205C21002064E3001098E3001067
:104750009CE3001044E30010CCE300104068704775
:104760000D4943680D4A10B5044682B00160A3F1BB
:104770000C00904205D12046FFF7DAFA204602B03D
:1047800010BD53F8042C511E002A43F8041CF2DC1F
:1047900001A900F035F9EEE7F0F30010282500201C
:1047A0000D4943680D4A10B5044682B00160A3F17B
:1047B0000C00904205D12046FFF7BAFA204602B01D
:1047C00010BD53F8042C511E002A43F8041CF2DCDF
:1047D00001A900F015F9EEE7F0F3001028250020FC
:1047E0000D4943680D4A10B5044682B00160A3F13B
:1047F0000C00904205D12046FFF79AFA204602B0FD
:1048000010BD53F8042C511E002A43F8041CF2DC9E
:1048100001A900F0F5F8EEE7F0F3001028250020DC
:104820000F4943680F4A10B5044682B00160A3F1F6
:104830000C00904208D12046FFF77AFA2046FDF797
:10484000EDF8204602B010BD53F8042C511E002A8A
:1048500043F8041CEFDC01A900F0D2F8EBE700BF3D
:10486000F0F30010282500200F4943680F4A10B5C7
:10487000044682B00160A3F10C00904208D12046AA
:10488000FFF756FA2046FDF7C9F8204602B010BDE2
:1048900053F8042C511E002A43F8041CEFDC01A934
:1048A00000F0AEF8EBE700BFF0F300102825002081
:1048B0000F4943680F4A10B5044682B00160A3F166
:1048C0000C00904208D12046FFF732FA2046FDF74F
:1048D000A5F8204602B010BD53F8042C511E002A42
:1048E00043F8041CEFDC01A900F08AF8EBE700BFF5
:1048F000F0F30010282500201C4BF0B5044685B0CD
:10490000036079B308460D4608F030FD0646B0B1A5
:1049100003AA002100F046F8012E034600F10C071F
:1049200012D0019029463246384609F009FC019B15
:104930000F4A93420BD12046676005B0F0BD0D4F82
:104940002046676005B0F0BD2A780273F0E70022C8
:104950001E601E449A603273EDE72046FFF7E8F9C7
:10496000FFF794F80448FEF70BFE00BFF0F30010C9
:104970002825002034250020D8E3001010B5044677
:10498000FFF7BAFF014B2046236010BD04F400106E
:1049900010B50446FFF7B0FF014B2046236010BD61
:1049A00018F40010144A904200B583B020D8884211
:1049B000034612D94800834238BF034603F11D0065
:1049C000B0F5805F09D9994207D203F58053C0F34F
:1049D0000B001B1A934228BF134603F10D000193ED
:1049E000FDF71AF80022019BC0E9013203B000BDB7
:1049F0000248FEF7DDFD00BFFCFFFF3F04E40010AE
:104A0000FDF70CB8036870B5002484B09E691023CC
:104A10001546039402936B461268CDE90044B047F3
:104A20009DF8043003F00603062B04D1009B0120FF
:104A30002B6004B070BD204604B070BD0098904259
:104A40000CBF062001207047034B10B504460360DD
:104A5000FFF7E6FD204610BD5CF40010054B10B5D5
:104A600004460360FFF7DCFD08212046FCF7D8FF71
:104A7000204610BD5CF4001030B583B015460446E6
:104A80000899069A8A420DD019462046FFF7CCFDB8
:104A900028B1099A012306991571116093710020BC
:104AA00003B030BD07990193FFF7BEFD019B0028BD
:104AB000EAD0099B00205D7103B030BD10B582B013
:104AC00014460193FFF7B0FD019B20B10821062297
:104AD0001C60D9601A7102B010BD00BF2DE9F04111
:104AE000074616461C460D46FFF79EFD48B9032CA7
:104AF00007D82B683246394628465B69BDE8F04145
:104B00001847BDE8F08100BF502970B5864660D8CF
:104B1000342940D829290AD9A1F12A00082851D8D6
:104B2000DFE800F0232221502123235422000A2908
:104B30004AD9A1F10B0C01205FFA8CFC00FA0CF0B1
:104B4000DFF8D4C000EA0C0CBCF1000F3ED1DFF856
:104B5000CCC010EA0C0F08D1DFF8C4C000EA0C0C7E
:104B6000BCF1000F2ED06AB363B3DEE90504A042A6
:104B700028DADEF8104000EB8005461C4FF0000CF0
:104B800004EB8500C0E901CCCEF8146004F82510D0
:104B9000C0E9032370BDA1F1350C01205FFA8CFC44
:104BA00000FA0CF0DFF87CC000EA0C0CBCF1000F3E
:104BB0000CD1DFF874C000EA0C0CBCF1000FD2D1AC
:104BC0004F29D2D0002070BD0429CCD9002ACCD1E5
:104BD000F8E7A1F152000C28F8D80FF2080C5CF8A5
:104BE00020F000BF6B4B00106B4B0010CD4B001042
:104BF000694B0010694B0010674B0010CD4B001043
:104C0000CD4B00106B4B0010CD4B0010CD4B001066
:104C1000CD4B0010674B0010FE1F005F00C07F00EF
:104C2000010080000711C701F82E000A8446D0E970
:104C3000053083421CDA30B503EB8305DCF8104005
:104C400001334FF0000E04EB8500C0E901EECCF813
:104C5000143059B17245CCBF0023012333B9C0E9E8
:104C6000013304F82530C0E9031230BD002030BD07
:104C700000207047C26870B513786E2B25D0303B8A
:104C8000DAB2092A2AD8002600226FF00044DFF8A1
:104C900050E007E0C368591CC1605B78303BD9B273
:104CA00009290DD8E11A02EB820CAEFB0151B2EBDF
:104CB000D10F03EB4C02EDDD4FF0FF32104670BD1B
:104CC000002EFBD05242104670BD531CC360537877
:104CD000303BDAB2092A01D80126D5E70022EDE7F8
:104CE000CDCCCCCC00B5034683B069B1682927D0C0
:104CF00018460193FFF7BEFF019BDA6811785F2920
:104D00000ED0002003B000BDC26811780029F8D091
:104D1000511CC1601278682A12D0762AF1D1E7E7D7
:104D2000013218460193DA60FFF7A4FF019BDA68AD
:104D300011785F29E5D101320120DA6003B000BDAE
:104D400018460193FFF796FF019BF0E7C3680A46F8
:104D500093F800C0BCF1520F04D0BCF14F0F01D04A
:104D600008467047BCF1520FC16A00B50DD001F181
:104D7000030E202103F1010CC0F82CE000235DF8A4
:104D800004EBC0F80CC0FFF7BFBE01F1020E1F21FB
:104D9000F0E700BFC26811785F2901D00120704799
:104DA000511C00B583B0C16051785F2906D0FFF770
:104DB00061FF002813DB012003B000BD0232019027
:104DC000C260FFF757FF002809DB0928F3DD019BCC
:104DD000DA6811785F2902D10132DA60EBE700204E
:104DE00003B000BD002900F088800B4699680129B6
:104DF0002FDCD0F81C21B2F5806F2ADC1A78013143
:104E0000422A99603CD8232A24D8013AD1B22229D7
:104E100070D8222A1DD8DFE802F0171717121C1CC1
:104E20002F2F1717171717171717171717171717E2
:104E3000171C171717171717171717171700D0F87A
:104E400044210132C0F84421D0F81C21B2F5006F92
:104E50002EDD7047A2F124014FF0010CC9B20CFA0B
:104E600001F1DFF89CC001EA0C0CBCF1000FEBD1A2
:104E7000890735D1342AECD11B69002BB6D1704794
:104E8000453AD2B2192A37D80121DFF878C001FAA1
:104E900002F202EA0C0CBCF1000FD5D117490A420C
:104EA00002D112F0180F26D0DB68002B9ED170477C
:104EB000013200B583B0C0F81C21D968019000937D
:104EC000FFF790FF009B019819690090FFF78AFF98
:104ED0000098D0F81C31013BC0F81C3103B000BD74
:104EE000DA681278052AAFD1D0F838210132C0F83B
:104EF0003821A9E7704770477047704706100400D3
:104F0000EC7DFE7FC16F0002034658B1002004E033
:104F1000DA682AB11B6901301BB11A78302AF7D040
:104F200070477047704700BF20B909E039B1006988
:104F3000013930B10378302BF8D000207047C068B9
:104F40007047704713460A4630B50546481C5968F5
:104F500085B008449968884214D8DC6884B9294629
:104F600002930192D3E90050284409F0E9F8029B2A
:104F7000019AD3E9001011440C5459681144596046
:104F800005B030BDDC68002CFAD181B149008842FF
:104F9000FCD818680193CDE90212FCF729FD039AA9
:104FA0000446DDE9013138B118609960D5E702287F
:104FB0004FF00201EAD8ECE71868FCF72BFD019BE3
:104FC0000122C3E90044C3E90242D9E703784B2B2D
:104FD00016D00DD8442B15D14378A3F1770003F0F8
:104FE000DF034F2B18BF012894BF0120002070471A
:104FF000562B05D0A3F17200B0FA80F0400970473B
:10500000012070470020704730B50C46D0F80011E1
:1050100083B00346FF2907D04A1CC3F800215C5423
:1050200083F8044103B030BD4FF00002019080F8D6
:10503000FF20D0E94252A847019B01220021D3F86A
:105040002801C3F800211044C3F828015C5483F8F8
:10505000044103B030BD00BFD0F810318BB15A68A5
:10506000CB681069002B0BDB20B906E03BB100696F
:10507000013B10B10278302AF8D000207047C06898
:1050800070470123C0F81831F7E700BF2DE9F0475A
:10509000044608460D4608F069F980B3013DD4F88E
:1050A00000114FF000094FF0010800EB050A08E07D
:1050B0003D46591CAA45C4F80011E65484F8046121
:1050C0001DD0FF296E7805F101070B46F0D120466F
:1050D00084F8FF90D4E942329847D4F828315745F4
:1050E000C4F8008103F1010226704FF0010384F837
:1050F0000461C4F8282102D015F8026FD9E7BDE891
:10510000F08700BF00295AD00B4610B5044682B084
:105110001A78342A1ED8342A25D8DFE802F02E2443
:10512000242424312E2B2B2424242424242424241A
:105130002424242424242E24242424242424242425
:105140002424242424242E24242424242424242415
:10515000242E2B00433AD2B21C2A04D8194921FA32
:1051600002F2D20709D4D96820460193FFF7CAFF9B
:1051700020B9019B1B69002BCAD1002002B010BDD1
:10518000D4F81021BAB1DB685268002B10690BDB30
:1051900028B9F2E73BB10069013B0028EDD0027865
:1051A000302AF7D0E9E7C0680028E6D00378302B32
:1051B000E3D102B010BD0123C4F81831DDE70020AF
:1051C000704700BFE30C0010C1680A78542A2ED142
:1051D0004A1C034610B582B0C26049785F2928D0C6
:1051E0006E2921D00190FFF745FD10F1010C1BD471
:1051F000019BDA6811785F2916D10132D3E90510D5
:10520000DA60814210DA1A6901EB810E4C1C002130
:1052100002EB8E00C0E901115C61052302F82E301B
:10522000C0F80CC002B010BD002002B010BD0020BC
:1052300070474FF0000CE0E72DE9F04788B00A46D0
:1052400004461E4901A8FDF735FF01A808F08EF8B5
:1052500080B301AED4F800114FF000094FF00108FF
:1052600006EB000A08E02E46591CB245C4F80011AE
:10527000E75484F804711DD03546FF290B4615F814
:10528000017BF0D1204684F8FF900236D4E9423207
:105290009847D4F828315545277003F1010284F866
:1052A00004714FF00103C4F80081C4F8282101D033
:1052B0002F78D9E708B0BDE8F08700BF1CE40010E4
:1052C00030B583B00546FFF7D5FC031E28DDEC683A
:1052D0006A68121B93422BDCA968E2184907EA604E
:1052E00002D5E15C24291ED0092B11DD08221E49BC
:1052F0002046019308F014FF019B48B9227A5F2AE7
:1053000018BF2E2A01D0242A02D1627A4E2A11D047
:105310001A4621462846FFF789FCA86203B030BD33
:10532000002003B030BD0132092BEA60DEDCEFE77C
:105330000020F2E7E96AD5E9052016318242A1EBA7
:105340000301E962F4DA296902EB820400230132E5
:1053500001EB84006A61054AC0E9013301F8243099
:105360001523C0E90323D8E720E400102CE4001043
:10537000C3681A78532A3DD15A1CF0B583B0C26075
:1053800093F801C0BCF1000F1DD1836803F008023F
:10539000C3F3C00383F00103DC076AD5CB0768D5EC
:1053A000C3681B78433B012B8CBF4FF0000E4FF0BE
:1053B000010E634B03F1C4011A7862455CD01C33C3
:1053C0008B42F9D13BE09A1CC26093F801C0ACF16A
:1053D000300E5FFA8EF3092B0FD8BCF15F0F18D196
:1053E0000023026A9A422AD9C26952F82320104641
:1053F00003B0F0BD002210467047ACF15F02B2FA74
:1054000082F25209002AE8D1ACF14103192B01D9EB
:10541000BBE700225FFA8EFE02EBC203BEF1090F6A
:105420000CEB83030FD8303B9A421A4607D8C16869
:1054300091F800C001F1010EBCF1000F0ED1002265
:10544000104603B0F0BD02EBC203ACF141010CEB1E
:1054500083031929A3F13703E6D9F0E7C0F80CE07C
:1054600091F800C0BCF15F0FACF1300ED2D1013326
:10547000B7E74FEAD20E9CE75C69D0E9052CACB1E6
:1054800062455ADA996902EB8206056900270191A3
:10549000013205EB8601C1E901774FF0180742613F
:1054A00005F82670CC60019C0C618162BEF1000F92
:1054B0003DD0D9680D461969C36A62450B44C36281
:1054C00039DAD0F810C002EB820E541C00230CEB2A
:1054D0008E02C2E901334FF0180344610CF82E30FC
:1054E000C2E90351C3681978422980D1816A044610
:1054F0000D46013320460192E360FFF7E1FE019A79
:1055000003464E212046FFF7FFFAE368024619786A
:105510004229EED0A562002A91D0236A616A8B42AB
:105520008DDAE069591C40F8232021625FE7596851
:105530000D469968C0E70022D4E70021B5E700BF17
:1055400090F40010F8B5C3681A78572A27D104469A
:105550000E4607E0E368E56945F8220021621A7803
:10556000572A1CD15A1C5525E2605A78502A02D17C
:1055700002335625E36037682046FFF7A1FE29462F
:1055800003463A462046FFF7BFFA306030B1D4E90F
:1055900008239A4202F10101DCDB0020F8BD012062
:1055A000F8BD00BFC268F0B5044687B01046FFF7EB
:1055B0000DFD00BB1378552B68D8402B40F2978027
:1055C000413B142B00F29380DFE813F09A01910025
:1055D0008601140191009401C20091009100910094
:1055E00091009100CA019100B400A60091009800BA
:1055F0009100E700D000002203A9204601F042FA02
:1056000000283BD0E268009020461278462A39D024
:10561000FFF7C8FF009B186000282FD002781F3AC0
:10562000012A05D80399C268C160196803911A60FC
:10563000039B1BB3D4E908218A421FDAE069511C9D
:1056400040F822301846216207B0F0BD0123256BD7
:105650002046236300F068FF0023024645212046D0
:105660002563FFF751FA0246039038B1E3681978D1
:1056700021B1591CE1601B78452B2BD00023184623
:1056800007B0F0BD00F030FC009BC4E7A3F161015E
:105690005FFA81FEBEF1190F29D84FF0010CBC4B07
:1056A0000CFA0EFC0CEA0303002B40F0E382BEF17F
:1056B000140F1CD1013220460093E260FFF700FE78
:1056C000009B024629212046FFF71EFA024603905E
:1056D000002AD3D0D4E908318B42CFDAE069591CD3
:1056E00040F82320039B2162184607B0F0BD01213A
:1056F000204607B0BDE8F04001F022BB0132204651
:10570000E260FFF74FFF0023024624212046FFF707
:10571000FBF902460390DBE701322046E260FFF727
:1057200041FF0023024623212046FFF7EDF9024600
:105730000390CDE701322046E260FFF733FF0023FC
:10574000024625212046FFF7DFF902460390BFE716
:1057500001322046E260FFF725FF002302462721A1
:105760002046FFF7D1F902460390B1E70132204607
:10577000E260FFF7A5FDE36805461A78492A00F0C4
:105780009C822046FFF70EFF2B4602462221204630
:10579000FFF7BAF9024603909AE72046FFF714FD97
:1057A000E168039002460B78492B91D1636B002B83
:1057B00040F0BA8200283FF461AFD4E90805A8425E
:1057C000BFF65CAFE56945F820200130206208781B
:1057D0004938012807D8013120460092E16001F0E4
:1057E000FBF9009A034604212046FFF78DF9024693
:1057F00003906DE7531CE3605378002B3FF43EAFFA
:10580000931CE3605378463B302B3FF637AF01A142
:1058100051F823F0955900107D5600107D56001068
:105820007D5600107D5600107D5600107D560010EC
:105830007D5600107D5600107D5600107D560010DC
:105840007D5600107D5600107D5600104D560010FC
:105850007D5600107D5600107D5600107D560010BC
:105860007D5600107D5600107D5600107D560010AC
:105870007D5600107D5600107D5600107D5600109C
:10588000695B00107D5600103D5B00100B5B001043
:10589000D95A0010C75B00107D560010955B0010B0
:1058A000F95B00107D5600107D5600107D560010EB
:1058B0007D560010775A00107D5600105D5C001078
:1058C0007D5600107D560010A75A00104D5600104E
:1058D0002B5C0010155A001001322046E260FFF7E1
:1058E00061FE0023024626212046FFF70DF90246FD
:1058F0000390EDE6204600F0F7FA02460390E7E653
:10590000511CE16053785F2B00F0D581303B092BAF
:1059100000F2FA810B461D460133E36018783038F7
:105920000928F8D9AA1A20460093FFF77FF9024602
:1059300000283FF4A3AE6978009B5F297FF49EAEF8
:105940001946013120460092E160FFF72BFE009AD4
:1059500003462B212046FFF7D7F802460390B7E60F
:1059600001322046E260FFF71DFE00283FF486AEBC
:1059700000902046FFF716FE034600283FF47EAE57
:10598000009A2C212046FFF7BFF8024603909FE6BD
:10599000FF7BEC032046FFF76DF9E36802461978B8
:1059A00062290E4600F0E981782903D05F297FF44F
:1059B00065AE0026616903F1010CA369994280F28A
:1059C00007821420D4F810E04D1C01FB00F00021E8
:1059D0000EEB0003C3E901114FF05F016561009315
:1059E0000EF8001003A8BB491A82D9609E74BA4908
:1059F000C4F80CC0FDF75EFB03A807F0B7FC009BE2
:105A0000E16ADA6852680A44002E18BF0132024483
:105A1000E26234E693785F2B00F0CA81D4E9053264
:105A20009342BFF62BAE216903EB83004FF0000CCD
:105A3000013301EB8002C2E901CC6361442300928F
:105A400001F820302046FFF715F9009AD060E3688E
:105A500019785F297FF412AE013320460092E3608B
:105A6000FFF7A0FD009A03462E212046FFF74CF8D1
:105A7000024603902CE6D4E905239A4280F2AE81D7
:105A8000216902EB82004FF0000C013201EB800330
:105A9000C3E901CC6261282201F820208F49E26A23
:105AA000D9601132B4E7D4E905239A4280F2968195
:105AB000216902EB82004FF0000C013201EB800300
:105AC000C3E901CC6261282201F82020E26A8449FE
:105AD0000832D960E262D2E5D4E905239A4280F225
:105AE0007D81216902EB82004FF0000C013201EB55
:105AF0008003C3E901CC6261282201F82020E26A18
:105B000078490A32D960E262B9E5D4E905239A42BC
:105B100080F26481216902EB82004FF0000C0132B7
:105B200001EB8003C3E901CC6261282201F8202047
:105B3000E26A6D490932D960E262A0E5D4E9053232
:105B40009342BFF69BAD216903EB83000133002232
:105B5000636101EB8003654CC3E9012201F8202059
:105B60000E22C3E903428AE5D4E905329342BFF627
:105B700085AD216903EB830001330022636101EBF2
:105B800080035B4CC3E9012201F820200422C3E911
:105B9000034274E5D4E905239A4280F21F8121690A
:105BA00002EB82004FF0000C013201EB8003C3E9ED
:105BB00001CC6261282201F82020E26A4D490432BA
:105BC000D960E2625BE5D4E905239A4280F206815E
:105BD000216902EB82004FF0000C013201EB8003DF
:105BE000C3E901CC6261282201F82020E26A42491F
:105BF0000932D960E26242E5D4E905239A4280F293
:105C0000ED80216902EB82004FF0000C013201EBC4
:105C10008003C3E901CC6261282201F82020E26AF6
:105C200036490832D960E26229E5D4E905239A426F
:105C300080F2D480216902EB82004FF0000C013227
:105C400001EB8003C3E901CC6261282201F8202026
:105C5000E26A2B490732D960E26210E52046FFF77D
:105C6000A1FC002302464D212046FEF74DFF0246CF
:105C700003902DE501EB8103224901EB830CD4E96C
:105C80000513994280F2AD8001EB810E551C22690B
:105C9000013102EB8E03C3E9010061614FF028017D
:105CA00002F82E10E26ADCF80410C3F80CC00A44B3
:105CB000E560E262E3E4002243E601332046E3606C
:105CC00000F08AFF2A46034604212046FEF71CFF07
:105CD000054656E59CFC00101CE4001088FC0010F2
:105CE00060FC001024FC001010FC00104CE40010BC
:105CF00044E4001038FC0010FCFB001074FC0010A1
:105D00004CFC0010F4F900100122236B20462263A2
:105D1000009300F009FC009B0246236300283FF437
:105D2000ADACE368197808E66369019020461D462A
:105D3000236A00911E464B1CE360E36A1F4600F095
:105D40004BFFE36893F800C0BCF1490FDDE9001296
:105D500004D0E16065612662E762B9E4002A3FF49D
:105D60008DACD4E908139942BFF688AC0346E069CC
:105D700040F821200131216235E510287FF47EAC06
:105D80000133D4E90521E3608A4227DA142120692E
:105D90004FF0000C02FB01F101324318C3E901CCC2
:105DA0006261282242541049E26AD9600F322FE61C
:105DB00003320121236B2046E2602163009300F04F
:105DC000B3FB009B0246236300287FF440AE55E4FA
:105DD000064903A8C4F80CC0FDF76CF90023DB6882
:105DE000FFDEC368FFDE00BFB0FC00101CE4001043
:105DF00030B5044683B00023E16801AD01930B7810
:105E0000A3F12E0283B3D3B2242B19D8242A17D896
:105E1000DFE802F02A1616161616161616161616AD
:105E200016161616161616161616162A16161616FE
:105E3000161616161613162A13004B78452B13D078
:105E40002046FFF7AFFB024600232F212046FAB180
:105E5000FEF75AFE2860D8B1E16800F110050B7812
:105E6000A3F12E02002BCED1019888B103690BB1AA
:105E700003B030BDC26811782829F9D1D268117CED
:105E80000929F5D1E16A5268891AE162C360EFE736
:105E9000002003B030BD00BFC36810B51A7882B0CF
:105EA00004464A2A1DD091B12046FFF77BFB0246EB
:105EB000A0B120460192FFF79BFF78B10346019AFB
:105EC0002A21204602B0BDE81040FEF71DBE0A465A
:105ED00020460192FFF78CFF0028EFD1002002B08E
:105EE00010BD0133C360DFE70346806810F48020F3
:105EF0000FD1D96BB1F5006F0AD801F1010CDA6846
:105F0000C3F83CC092F800C0BCF1460F07D0D9637B
:105F10007047DA681178462901D000207047511C7B
:105F200000B583B0D9605178592901D10232DA60C5
:105F3000184601210193FFF7AFFF01460198FEF7D4
:105F400005FF019BDA681178452908D000209A687E
:105F5000520302D4D96B0139D96303B000BD0132B9
:105F6000DA60F4E7C3681A78542A48D110B55A7831
:105F700082B004466E3A0B2A09D8DFE802F0160810
:105F8000220808082E080808080B01230B600020CF
:105F900002B010BD02335A210022E36000232046E4
:105FA00002B0BDE81040FEF7AFBD023320460191BC
:105FB000E360FFF7F7FA019902460028E5D05B217C
:105FC000ECE7023320460191E360FFF7CBFF019934
:105FD00002460028D9D05D21E0E702332046019136
:105FE000E36000F00FF8019902460028CDD0E36885
:105FF00018784528C9D101335C21E360CEE7002041
:10600000704700BF70B5002382B005460E4601AC54
:10601000019302E0236003F1100431462846FFF7A4
:10602000A1FF03460028F5D1019A32B15921284633
:1060300002B0BDE87040FEF767BD02B070BD00BFA2
:10604000C368F0B51C7883B00746002C35D05A1CC5
:10605000C2605E781C7896BB49210022DFF8E8C058
:106060008B1A48BF013302EB630318010CEB0315D5
:106070005CF8000090F800E0A64507D094BF5A1CD9
:1060800019468A42ECD1002003B0F0BD4078B042FE
:10609000F4D1D7E905329342F5DA3A6903EB83018B
:1060A0000024013302EB8100C0E901447B6133230A
:1060B00002F82130C56003B0F0BD2646CCE79A1C3B
:1060C000762C0546C2605E7821D1A6F13001CBB2B4
:1060D000092BC1D80191FFF7F3F80446D7E905323F
:1060E0009342D0DA03EB83072E690133002206EBDB
:1060F0008700C0E901226B61002CC4D034230199D0
:10610000C0E9012206F82730C0E90314BCE7632C7C
:10611000A2D1762EA0D1D0E90C34B3FA83F35B0977
:106120004363FFF73FFA7B6B02463BB10023362106
:106130003846FEF7E9FC6C6303B0F0BD3521384604
:10614000FEF7E2FCF7E700BF54F500102DE9F0433D
:1061500085B08846054601A90192FFF7F3F90028AA
:1061600000F0C980EA681378462B00F08980A3F11B
:1061700030020026092A40F28C80A3F16102192A1C
:1061800029D86F2B2C6B00F0CF802846FFF758FFE3
:106190002C630446002800F0EE800378332B7CD17A
:1061A000C268EB6A916807330B44EB6213681A7894
:1061B0006C2A72D15A78692A6FD19B78002B6CD1E6
:1061C0002846FFF77DF82246034638212846FEF789
:1061D0009BFC044661E0442B00F0B080A3F1430235
:1061E000012A40F298814C2B78D0552B40F08380C7
:1061F000EB685A786C2A00F00D81742A7BD11A78EA
:10620000552A40F0B8805A1C019CEA605A78742ADA
:1062100040F0B1809A1CEA609B785F2B00F0768199
:106220006E2B00F07A812846FEF724FD10F1010C58
:1062300000F1A180EA6813785F2B40F09C80013266
:10624000EA60D5E90532934280F295802A6903EB32
:1062500083010020013302EB8104C4E901006B617A
:106260004A2302F82130C4F80CC0D5E90832934221
:1062700080F28180EA6942F8234001332B620CE00E
:10628000531C0646EB605378A3F13002092A3FF60F
:1062900074AF2846FFF714F80446019B2BB1224641
:1062A00057212846FEF730FC0446EB681A78422A4C
:1062B00026D05EB942462AB1234601212846FEF780
:1062C00023FC0446204605B0BDE8F08322460023A7
:1062D00051212846FEF718FC0446EBE7EB682846F8
:1062E0000133EB60FEF7ECFF044620B12846FEF7D1
:1062F00051FD0028D1D10024204605B0BDE8F0832F
:10630000AA6A174601332846EB60FEF7D9FF2246FA
:1063100003464E212846FEF7F7FBEB6804461A7841
:10632000422AEFD0AF62C4E7EB685A786E2A7FF456
:106330002CAF0233EB6000232B6326E7EB685A781F
:10634000432A00F0B380AA6A3AB1117809B118293A
:1063500003D1E96A10690144E962197843290CD034
:10636000442908D159783039052904D8DFE801F0EB
:106370004F294C03494600248FE75978492900F0FA
:10638000B380A1F131000428F5D802333039EB6035
:10639000D5E905308342EEDAD5F810C003EB830E61
:1063A000002001330CEB8E04C4E901006B61002A6C
:1063B000E1D00723C4E901000CF82E3021732261DB
:1063C0006BE74FF0020E0233EB60D5E905318B42EB
:1063D000D1DA286903EB830C0021013300EB8C0434
:1063E000C4E901116B61002AC5D00823C4E9011179
:1063F00000F82C3084F80CE022614EE74FF0050ED7
:10640000E1E74FF0040EDEE74FF0030EDBE74FF05D
:10641000010ED8E71A78552AADD15A1CEA605A788D
:106420006C2AA8D10233002203A92846EB6003920C
:10643000FFF7E8FD039B04460746002B9BD1284647
:106440000093FFF7D5FC002895D0009B002C60D06E
:106450002061E9680A78452A8DD14A1CEA604978AA
:106460005F290BD06E2986D02846FEF703FC431C1B
:1064700081D4EA6811785F297FF47DAF0132EA6048
:10648000D5E905218A42BFF676AF296902EB820081
:106490004FF0000C013201EB8004C4E901CC6A61C9
:1064A000482201F82020C4E90373F6E602334FF0D6
:1064B0000009EB6028464F46FEF702FF0023024624
:1064C00054212846FEF720FB81465FB13861B9F1BF
:1064D000000F3FF450AFEB681A78452AEAD1013338
:1064E000EB60DAE60446F2E75A1CEA609978A1F11B
:1064F0003102042A3FF63FAF033330392846EB60C0
:106500000091FFF74FF8AA6A009941E74FF0000C9D
:1065100095E607469DE7EB6815E7002C3FF4C9AE0A
:1065200023460024BBE600BFC26813784C2B00F062
:10653000E580542B00F0E480732BF0B5044683B063
:106540001DD0662B3ED0A3F13001092906D96F2B4F
:106550006BD153786E2B19D10232C26000222046D3
:106560001146FFF7F3FD0246002800F0C380E36800
:106570001978492900F0A880104603B0F0BD53787F
:10658000722B00F08480702B00F065812046FFF7AD
:1065900057FD0546002800F0AD800378332B60D00E
:1065A000342B00F0BE80352B40F0A480E3681A78CD
:1065B0005F2A00F03D812046FFF7B6FF03462A46DA
:1065C00038218AE05378702BE0D1931CC360937814
:1065D000542B00F03C815F2B00F0AF806E2B00F05D
:1065E0008980FEF747FB411C00F18480E3681A783C
:1065F0005F2A7FD16FF0004201339142E36079D08E
:106600000230D4E90532934274DA216903EB830C3A
:106610004FF0000E013301EB8C02C2E901EE636121
:10662000062301F82C30D060A6E7692B01D0742B2B
:1066300068D151786C29A9D1911C742BE16000F0CC
:10664000558100220B78002B54D04B78002B51D071
:1066500045212046019200F0DBF9019A03463221E0
:106660003BE0C068E26A8168036802390A44E2627A
:106670001A78732A37D15978742934D1997891BB13
:106680002046FEF78FFF2A460346382125E0931C5B
:10669000816BC36051B19378552B00F28C81422BF2
:1066A00000F25481303B092B40F258812046FEF71E
:1066B00079FF014600222046FFF748FDE3680246C5
:1066C000197849297FF458AF013320460192E360DD
:1066D00000F082FA019A03460421204603B0BDE887
:1066E000F040FEF711BAC168032903D8DFE801F0D2
:1066F00021296E490022104603B0F0BD00F090BF82
:10670000FEF762BD752B7FF441AF0132C260FEF728
:10671000D7FD0190204600F05FFA019A0346402120
:10672000DBE7C368012B3FF446AF032BE2D0002B1D
:10673000E0D100232A463721CFE703320120E2606F
:106740005FE718786D2800F08E80702800F08B804D
:106750000021732A74D15A78502A71D19B78002B6A
:106760006ED12046019100F037FA019903460029C5
:106770003FF425AF1A463A212046FEF7C5F90346F5
:106780001DE7712A7FD1597875297CD19978002924
:1067900079D12046FFF7C8FE06462046FFF7C4FE23
:1067A00007462046FFF7C0FE03460028A2D03A461F
:1067B0003D212046FEF7A8F9324603463C212046FB
:1067C000FEF7A2F92A4603463B2186E75878197856
:1067D000632800F0D380662900F0FD80642A40F031
:1067E000EF805A78692A40F0EB809A78002A40F0CE
:1067F000E780114620460193FFF7A8FC019B06465F
:106800001A78632A78D159786C2975D1997800293A
:1068100072D14521204600F0FBF8024613463A218A
:1068200032462046FEF770F92A460346392154E7DE
:10683000013345212046E36000F0EAF80346BEE656
:1068400020460191FFF770FE019903468FE703325E
:106850000020E260D5E60232C260FFF765FE002349
:1068600002464D2139E793F801C084457FF470AFAB
:10687000E06890F800C0BCF15F0F7FF46AAF0130B0
:10688000E0601A7864E7642A06D15A78582A03D15E
:106890009A78002A3FF47DAF1A78662A00F0A28029
:1068A0006E2A7FF427AF5B78772B02D0612B7FF4C1
:1068B00021AF5F21204600F0ABF806462046FEF7E8
:1068C00071FEE36807461A78452A00F09B80702A1B
:1068D00000F08C80692A7FF40DAF5B786C2B7FF41D
:1068E00009AF2046FFF720FE034660E72046FEF78B
:1068F00059FEE1680246A5E6642A4FD15978742909
:106900004CD19978002949D1E3681A78672A5ED07A
:10691000732A02D15B78722B48D0002220461146A0
:10692000FFF714FCE3680246197849297FF476AF33
:10693000013301902046E36000F04EF9019A0346CE
:1069400004212046FEF7E0F8024667E7433B2F4A62
:10695000DBB222FA03F3DB077FF5A8AE4FF0FF337B
:1069600000212046A36300F089F9E36801461A7804
:10697000452A7FF49FAE0133E3609BE6A1F17200EC
:10698000012804D9A1F1630001283FF624AF204675
:106990000193FEF707FE019B064631E7702A05D1F9
:1069A0005A78742A02D19B78002BADD02046FFF78D
:1069B000BBFD024632E7613B192B3FF677AECDE7D0
:1069C00020460193FFF7B0FD019B064618E75B7870
:1069D000732BA2D1EAE720460193FFF731FB019B1D
:1069E00006460DE72046FFF72BFBD5E65A78692AC5
:1069F0007FF480AE023345212046E36000F008F8C2
:106A00000346D4E60133E3600023D0E6010204002C
:106A1000C26800232DE9F041157882B004468D420A
:106A2000019325D00F4601AD4FF0010809E0FEF7B4
:106A30006BF8286000F1100580B1E3681A78BA425B
:106A400010D0266B2046C4F83080FFF76DFD02465B
:106A500000232F2120462663002AE8D1002002B01F
:106A6000BDE8F08101330198E36002B0BDE8F08138
:106A7000511C1A46C1602F2102B0BDE8F041FEF75B
:106A800043B800BF2DE9F04792460E46C26882B077
:106A90000AF00103044611783546002B15BF4FF06C
:106AA0001E094FF01B094FF01D084FF01A0814BFC4
:106AB0001C27192721E0562939D04B293DD053787E
:106AC000002B2FD0931CE3605378782B3BD003F03E
:106AD000DF024F2A6CD1E26A4F2B02F10902E26217
:106AE00037D00023522100222046FEF70DF82860FF
:106AF000C0B1E26800F10C0511781046FEF766FAA5
:106B000000283AD0531C7229E360D4D1E26A394696
:106B1000002320460932E2620022FDF7F5FF2860DB
:106B20000028E6D10025284602B0BDE8F087E26AD9
:106B3000414600230932E262D5E7E26A4946002372
:106B40000632E262CFE7E36A4F211133E3620023AA
:106B5000C9E70122236B204622630193FFF7E4FC7F
:106B6000019B236303460028DCD0E26811784529A5
:106B7000D8D101325221E260B5E71AF0010FD2D12B
:106B80004629D0D1B542CED01D201E211C2207E0BF
:106B90001B2B0BD0192B00D132700C36B542C2D052
:106BA000366833781A2BF3D13070F6E73170F4E79A
:106BB000772BB7D1E36A20460633E362FFF718F973
:106BC00003460028AED0E26811784529AAD10132E7
:106BD0005321E26087E700BFC36870B51A7884B0BC
:106BE0000446452A27D00023826A03AD1646039344
:106BF0000BE0FDF789FF286000F1100570B1E16836
:106C00000B78452B0ED0512B0CD0204600F088FD80
:106C10000246002330212046002AEAD100252846DA
:106C200004B070BD512B039D0FD001312846A662E0
:106C3000E16004B070BD5A1C00233021C2601A46C6
:106C400004B0BDE87040FDF75FBF01310122236B46
:106C500020462263E1600193FFF766FC019B2363FA
:106C600028B103462A465E212046FDF74DFFE16824
:106C70000A78452AD2D10546D7E700BF70B5C26869
:106C800005460E4600241378442B24D0493B0B2B99
:106C900007D8DFE803F035060606310606060606C5
:106CA000442B002221462846FFF750FA0446002CC8
:106CB00043D0EA681378452B40D0002EE3D0D5E9C5
:106CC00008318B4239DAE96941F8234001332B62FC
:106CD0001378442BDAD1537803F0DF03542BE0D13F
:106CE0005CBB2846FEF75EFC0446E0E72CBB28466A
:106CF000FEF76AFA0446DAE7531C1A46EB60C2E76D
:106D0000DCB101322846EA60FFF766FFA8B103460E
:106D1000224604212846FDF7F7FE0446C7E7012175
:106D20002846FEF725FB024638B10378553B012B78
:106D3000B8D914B90446EA68A5E70024204670BD16
:106D4000C268F0B5137885B004460D464E3B0C2B57
:106D500008D8DFE803F048070707072807200707D8
:106D6000070771000022134619462046FFF7EEF987
:106D7000E3680246197849292CD04DB17AB3D4E999
:106D800008318B422BDAE069591C40F8232021623C
:106D9000104605B0F0BD00221146FFF7D7F90246B4
:106DA000002DEBD1F4E75378742B00F09D80002385
:106DB000002120460093FEF7DBFA024678B1017805
:106DC000009B55390129CFD94BB9E3681978492976
:106DD000DED174E018B1D4E90810814266DB0022EC
:106DE000104605B0F0BD531CC3605378482B00F02B
:106DF000D680012203A9FFF745FE06460028EED003
:106E000000212046FDF7A2FF034601212046009302
:106E1000FFF734FF30600028E1D0009B13B1039AE4
:106E20000393DA60E3681A78452AD8D10133039ACC
:106E3000E360002DA2D1ABE7531CC3605178472912
:106E40004ED0A1F15401B1FA81F14909002947D18D
:106E500000F0FAF80246002AC1D0E3681978452903
:106E6000BDD1591CE1605978732900F0AF806429C5
:106E70005BD0002120460092FFF762FF009A034694
:106E8000002800F0C380017801F0FD01482940F09E
:106E9000BF801178032900F0918002212046FDF780
:106EA00033FE0246002D7FF469AF71E7E06940F8D8
:106EB0002120013121621978493901297CD8013317
:106EC00020460092E360FFF787FE009A0346042104
:106ED0002046FDF719FE0246002D7FF44FAF57E71D
:106EE00000F04EF90246B6E7911C4369C160816922
:106EF0008B4280F2988003EB830C013300214FF02A
:106F0000030E4361006900EB8C03C3E9011100F833
:106F10002C104B49C3E9031EE16A0331E162927808
:106F2000532A3FF445AF00221EE7991CE1609B788D
:106F30005F2B7AD06E2B3FF452AF20460092FDF7C4
:106F400099FE431C1F463FF54AAFE168009A0B7853
:106F50005F2B7FF444AF013120460092E1600021B5
:106F6000FFF7EEFE009A064620B1037803F0FD031A
:106F7000482B5CD1D4E90513994247DA206901EB2B
:106F8000810C4FF0000E013100EB8C03C3E901EEE0
:106F90006161492100F82C10C3E9036779E7C16AF0
:106FA0000023023203AE0531C2601A46C1622121BC
:106FB000FDF7AAFD034628E7002388E71169087852
:106FC0002A287FF46AAF0020C86066E702332046B3
:106FD0000092E360FDF7DEFE00283FF400AF009A68
:106FE000D4E905318B4211DA206903EB830C0133BC
:106FF00000214FF00E0E636100EB8C03C3E9011119
:1070000000F82C100F49C3E9031E42E7002340E7B4
:10701000CDE900022046FDF7BDFEDDE90032002883
:107020003FF4DDAE35E7002376E7002793E72046FF
:107030000092FDF7AFFE009A00289BD1CFE600BF7B
:107040006CE400105CE4001070B50E4682B00021C4
:107050000546FFF775FE002865D00446F6B1AB681B
:10706000DB071BD423784F2BA3F11C01A3F15202A1
:107070002ED02BD805292BD9022B0CD12369002B1C
:1070800051D01A784F2AA2F11C00A2F1520146D029
:1070900043D8052843D9204602B070BDEB681B7861
:1070A000002BF8D0452BF6D021460B78042B3CD092
:1070B00010D94F2B06D0A3F11C02A3F152030FD815
:1070C000052A0FD8C9680029EFD10CE0012AE2D8BF
:1070D000E468C7E7022B05D109690029E5D102E080
:1070E000012BEFD900212846FEF7D6FE0246D0B18B
:1070F00036B92378022B03D103782A2B08BFC66048
:10710000EB681978512924D01346032122462846DA
:1071100002B0BDE87040FDF7F7BC0129BBD8DB68C1
:107120002361002BADD10024B5E7CB685BB11978A2
:10713000082901F1FF3208D80629D3D8012A02D83C
:107140001B69002BF3D10121CDE7363918BF01218E
:10715000C9E701330120296BEB60286328460091C1
:107160000192FFF7E1F90099296338B10346019ACA
:107170005E212846FDF7C8FC0246C5E70246C3E784
:10718000C16AC36801F114022DE9F04184B0C26202
:107190001A780446542A29D0472A23D15A1CC2609F
:1071A0005A78FAB19A1CC2605A78562A00F2EC80DA
:1071B000402A17D9413A152A14D8DFE802F0D5132E
:1071C0001313131313130B1313131313131313B4F6
:1071D000139D1391002303A90393FEF7B3F900282D
:1071E00040F02581002004B0BDE8F0815A1CC26047
:1071F0005A78002AF6D09A1CC2605B78413B352B46
:10720000F0D801A252F823F055740010E571001077
:1072100061740010E5710010E571001095740010A4
:10722000E5710010A1740010E37400108775001060
:10723000E5710010E5710010E5710010E5710010B6
:10724000E5710010E5710010E5710010E5710010A6
:107250007B75001093750010E5710010EF7400103D
:10726000FF740010E5710010E5710010E571001069
:10727000E5710010E5710010E5710010E571001076
:10728000E5710010E5710010E5710010E571001066
:107290000D750010E5710010E5710010E57100102A
:1072A000E57100104B750010E5710010E5710010DC
:1072B000E5710010E5710010E5710010E571001036
:1072C000E5710010E5710010E5710010E571001026
:1072D000E5710010E5710010E5710010AF74001049
:1072E0000021FFF72DFD002302461321204604B0A4
:1072F000BDE8F041FDF708BC9A78002A00F0A280B2
:10730000DA1CC2609A78DB786E2A00F06A81472B1B
:1073100002D0542B40F096802046FFF731FF024602
:1073200000234B21E2E70021FFF70AFD0246D4E9E2
:107330000513994280F28C8001EB810C0190206949
:1073400001314FF0000E00EB8C03C3E901EE6161E7
:107350004421009300F82C102046FDF78BFC009B85
:10736000019AD8601621C1E79978472966D0A1F122
:107370005401B1FA81F1490900295FD1FFF764FE98
:10738000024600231721B1E7722A7FF42BAFFDF7E5
:1073900071FC01287FF726AFE3681A78002A3FF4D2
:1073A00021AF5A1CE26017461B785F2B7FF41AAF9F
:1073B0004FF00008461E3B78002B3FF413AF242B00
:1073C00040F0EF807B78532B00F005815F2B00F0BD
:1073D0000481242B7FF406AF1A46E3689F1CD4E98E
:1073E0000513994280F2FB80206901EB810C002596
:1073F000013100EB8C03023EC3E9015561614FF09E
:10740000430100F82C10DA60E7604246002A00F0E1
:10741000E08042212046FDF777FB804600283FF4BC
:10742000E1AE002EC7DC0023424641215EE7039A0D
:10743000002A3FF4D7AE0023582157E7FFF7A0FEFC
:1074400002469EE700212046FFF7FEFD024667E761
:10745000002387E700F064F900230246312145E765
:10746000FEF7A0F805462046FDF704FC0028FFF6CD
:10747000B9AEE3681A785F2A7FF4B4AE01332046D0
:10748000E360FEF78FF80246E06A2B460B210530D9
:10749000E0622BE7FEF786F8002302460E2125E77F
:1074A0000021FFF74DFC0023024614211EE7762140
:1074B000FDF718FC00283FF495AEE36820461B78E2
:1074C000472B00F09C80A3F15401B1FA81F14909E6
:1074D000002940F09480FFF7B7FD024600231021F9
:1074E00004E7FEF75FF8002302460C21FEE60F31A9
:1074F000C162FEF757F8002302460921F6E6002193
:10750000FFF71EFC002302461521EFE60021FDF7E0
:10751000E9FB00283FF466AE00212046FDF7E2FBC0
:1075200000283FF45FAEE36820461B78472B72D0FB
:10753000A3F15401B1FA81F1490900296BD1FFF798
:1075400083FD024600231121D0E66821FDF7CAFB26
:1075500000283FF447AEE36820461B78472B52D003
:10756000A3F15401B1FA81F1490900294BD1FFF788
:107570006BFD024600230F21B8E6FEF713F8002347
:1075800002460D21B2E6FEF70DF800230246122155
:10759000ACE60A31C162FEF705F8002302460A2173
:1075A000A4E6791E002211F8013F23B1242B02D05A
:1075B0000132B242F7D139462046FDF737FBE36886
:1075C00013441F46E360034600283FF40BAEB61A8F
:1075D0001BE7984625E72F22FFE62E22FDE6E7600F
:1075E00000E6472B13D0A3F15401B1FA81F1490908
:1075F00069B9FFF729FD024600234C2176E6FFF723
:10760000BFFD02466AE7FFF7BBFD0246B2E7FFF7A0
:10761000B7FD0246F0E7FFF7B3FD024692E700BF71
:10762000C268F8B513784C2B1FD1531C0446C360B5
:1076300051785F294BD05A291AD0FDF7B3FF054680
:1076400098B10378E268282B164647D013786E2B42
:1076500028D03E27452B5BD0324603E0E26013780A
:10766000452B25D00132002BF8D100252846F8BD46
:107670005F292CD05A1C2046E2605978472941D016
:10768000A1F15401B1FA81F1490900293AD1FFF77A
:10769000DBFCE36805461A78452AE6D10133284623
:1076A000E360F8BD721C3F27E26073781646D1E7AD
:1076B000921B31462046FDF7B9FA2A460346394661
:1076C0002046FDF721FAE36805461A78E4E7931CA3
:1076D000E36092785A2ACDD00025DDE7C3681A7C92
:1076E0001AB1E26A5968521AE26218680B4905F049
:1076F0005FFD33780028AAD1452B0BD06E2BD1D05B
:107700003E27A9E7FFF73CFDE36805461A78C3E783
:107710000022CEE7731CE360A8E700BF70E400100E
:10772000C26811784C291ED0034606D84939012970
:107730001BD80132C260FFF74FBA582915D1013268
:10774000012110B582B0046BC26001630190FEF7A5
:10775000EBFE019BDA681C631178452908D10132E0
:10776000DA6002B010BDFFF75BBF1846FDF71ABF25
:107770000020F6E72DE9F04F044697B0002A76D0B6
:10778000D0F81831002B75D192F800C01546BCF125
:107790005F0F6CD8DFE81CF04F053E013E01FC078F
:1077A000C00774096909FE008F0953034D033E03A6
:1077B00038031B05C0048C0458042404F003BC03E4
:1077C000880335090109CD088708990099009900B7
:1077D0007A007A007A007A007A007A007A007A00D9
:1077E0001B011B017A007A005107720011038A06FF
:1077F000B1006B00B1004D014D018C075206F60B34
:10780000AD0B6B004B087F08240D4A0B6B00070B78
:107810006B006B00C900C900F206D9091507980969
:10782000920A410A0D0A1302AB016B007701DF01D6
:10783000D30A660C2D0C7A00C20CE7057A007A0098
:107840009E050001000189051D07FA0CA6097200BA
:107850001E0680024702B802AEF15206012E00F267
:10786000BF87C068103310B1042F40F0A4870123F4
:10787000C4F8183117B0BDE8F08F3D46EA68112111
:10788000204617B0BDE8F04F02F0ACBED0F814119E
:1078900006AACDE90615D4F81011C4F81421002267
:1078A000CDE90821EA6811212046019302F09AFEF1
:1078B000089A019B002A01F03F87069AC4F8142118
:1078C000002BD7D0C4F81071D4E7D0F814010028E9
:1078D00002F010860246916841B951680978A1F119
:1078E000190EBEF1020F04D88C45C7D01268002AC9
:1078F000F1D106AACDE90605CDE70023D0F8142181
:1079000006A907950893D0F81031C0F81411112179
:1079100006922A69099302F065FE089B002B02F08B
:10792000EB80069BC4F81431A4E7EA681178282993
:1079300042F05680D268137C062B1E4602F2FF806E
:1079400023B12A691278002A02F09285D4F8001136
:10795000FF2902F049834B1CC4F80031282320463C
:107960006354112184F80431EA6802F03BFED4F834
:107970000011FF2902F026834B1CC4F80031292393
:10798000635484F804312B783F2B02F01583082EC2
:1079900002F006832A6972E7EA68002A02F023806F
:1079A000112102F01FFE2B78562B02F02080EB688D
:1079B000002BEFD02E23D4F80011FF2902F0A18371
:1079C0004A1CC4F80021635484F80431E2E7E868F3
:1079D000D4F8202190F800E022B9BEF1050F01F0A3
:1079E00054841346BEF1240F02F06E802A7872454B
:1079F000D4E9441C02F0D881BEF1250F01F05E8766
:107A000006AACDF818C00991C4F8142100220795E0
:107A1000089247E7EA68112102F0E4FDC1492046D7
:107A2000FDF734FB2D692B78492B01F0E7832A46BB
:107A300025E7EA6812B1112102F0D4FD2B69002B71
:107A40003FF418AFD4F80011FD2902F29481B64931
:107A50002046FDF71BFBD4F800312A69112120468E
:107A60001E46D4F8285102F0BDFDD4F82831AB42AF
:107A70007FF400AFD4F80031B3427FF4FBAE023B99
:107A8000C4F80031F6E62F46D0F80011A74D0AE001
:107A90000135511CC4F80011A35484F80431A44BDF
:107AA000AB4201F0FD85FF296B780A46F0D10193C6
:107AB0004FF00003D4F80C21204684F8FF30D4F8AE
:107AC00008319847019B6A1C237084F80431012314
:107AD000C4F80031D4F828310133C4F82831944B6C
:107AE000934201F0DD8515F8023F0122D1E72F46D0
:107AF000D0F800118F4D0AE00135511CC4F8001177
:107B0000A35484F804318C4BAB4201F01D86FF294D
:107B10006B780A46F0D101934FF00003D4F80C21A2
:107B2000204684F8FF30D4F808319847019B6A1C3E
:107B3000237084F804310123C4F80031D4F82831CB
:107B40000133C4F828317C4B934202F0CB8115F805
:107B5000023F0122D1E72F46D0F80011774D0AE00D
:107B60000135511CC4F80011A35484F80431744B3E
:107B7000AB423FF482AEFF296B780A46F0D1019305
:107B80004FF00003D4F80C21204684F8FF30D4F8DD
:107B900008319847019B6A4A237084F80431012315
:107BA000C4F80031D4F828310133C4F828316B1CF3
:107BB00093423FF462AE15F8023F0122D1E72F460F
:107BC000D0F800115F4D0AE00135511CC4F80011D6
:107BD000A35484F804315C4BAB423FF44EAEFF2912
:107BE0006B780A46F0D101934FF00003D4F80C21D2
:107BF000204684F8FF30D4F808319847019B6A1C6E
:107C0000237084F804310123C4F80031D4F82831FA
:107C10000133C4F828314C4B93423FF42EAE15F893
:107C2000023F0122D1E71121EA6802F0DBFC474E56
:107C3000D4F800112F460AE02E46511CC4F800115A
:107C4000A35484F80431424BB34201F0B883354663
:107C5000FF290A4615F8013BEED101934FF00003CE
:107C6000D4F80C21204684F8FF300236D4F80831CD
:107C70009847019B237084F804310123C4F8003134
:107C8000D4F828310133C4F82831314BAB4201F02C
:107C900096832B780122D0E71121EA6802F0A2FC3A
:107CA0002C4ED4F800110AE02E46511CC4F80011E5
:107CB000A35484F80431284BB3423FF4DBAD35467E
:107CC000FF290A4615F8013BEED101934FF000035E
:107CD000D4F80C21204684F8FF300236D4F808315D
:107CE0009847019B237084F804310123C4F80031C4
:107CF000D4F828310133C4F82831174B9D423FF4A2
:107D0000B9AD2B780122D0E7EB685A68002A01F060
:107D1000B2831B68A846D0F800111A445D1E561E97
:107D200026E000BF90E400108CE40010FBE6001099
:107D300009E70010EFE60010F6E6001017E6001065
:107D40002DE60010CFE60010EBE6001044E700102F
:107D50004EE700109CE600109FE600100135511C14
:107D6000AE42C4F80011A35484F8043101F08283B8
:107D7000FF296B7805F101070A46EFD101934FF017
:107D80000003D4F80C21204684F8FF30D4F80831E1
:107D900098470123BE42C4F80031019B237084F848
:107DA0000431D4F8283103F10103C4F8283101F07B
:107DB000618315F8023F0122D1E7EB68D3B10023BC
:107DC000D0F8142106A907950893D0F81031C0F80F
:107DD000141111210692EA68099302F003FC069A35
:107DE000089BC4F81421002B7FF444AD20212046C9
:107DF000FDF70AF9D4F814312A461121204617B0AC
:107E0000BDE8F04F02F0EEBFC649FDF73FF9112182
:107E1000EA6835E5C449FDF739F9EA6811212046D9
:107E200002F0E0FBC1492046FDF730F911212A6933
:107E300026E5BF49FDF72AF91121EA6820E5BD4E84
:107E40002F46D0F800110AE02E46511CC4F800114C
:107E5000A35484F80431B84BB3423FF40EAD354619
:107E6000FF290A4615F8013BEED101934FF00003BC
:107E7000D4F80C21204684F8FF300236D4F80831BB
:107E80009847019B237084F804310123C4F8003122
:107E9000D4F828310133C4F82831A74BAB423FF462
:107EA000ECAC2B780122D0E72F46D0F80011A34D7F
:107EB0000AE00135511CC4F80011A35484F80431C0
:107EC0009F4BAB423FF4D9ACFF296B780A46F0D107
:107ED00001934FF00003D4F80C21204684F8FF30C2
:107EE000D4F808319847019B6A1C237084F8043148
:107EF0000123C4F80031D4F828310133C4F8283103
:107F00008F4B93423FF4B9AC15F8023F0122D1E701
:107F10002F46D0F800118B4D0AE00135511CC4F8F2
:107F20000011A35484F80431874BAB423FF4A5AC55
:107F3000FF296B780A46F0D101934FF00003D4F883
:107F40000C21204684F8FF30D4F808319847019B73
:107F50007D4A237084F804310123C4F80031D4F839
:107F600028310133C4F828316B1C93423FF485ACAF
:107F700015F8023F0122D1E72F46D0F80011734DCA
:107F80000AE00135511CC4F80011A35484F80431EF
:107F90006F4BAB423FF471ACFF296B780A46F0D1CE
:107FA00001934FF00003D4F80C21204684F8FF30F1
:107FB000D4F808319847019B6A1C237084F8043177
:107FC0000123C4F80031D4F828310133C4F8283132
:107FD0005F4B93423FF451AC15F8023F0122D1E7C9
:107FE0002F46D0F800115B4D0AE00135511CC4F852
:107FF0000011A35484F80431574BAB423FF43DAC1D
:10800000FF296B780A46F0D101934FF00003D4F8B2
:108010000C21204684F8FF30D4F808319847019BA2
:108020006A1C237084F804310123C4F80031D4F8A9
:1080300028310133C4F82831474B93423FF41DAC3B
:1080400015F8023F0122D1E72F46D0F80011434D29
:108050000AE00135511CC4F80011A35484F804311E
:108060003F4BAB423FF409ACFF296B780A46F0D195
:1080700001934FF00003D4F80C21204684F8FF3020
:10808000D4F808319847019B6A1C237084F80431A6
:108090000123C4F80031D4F828310133C4F8283161
:1080A0002F4B93423FF4E9AB15F8023F0122D1E791
:1080B0002F46D0F800112B4D0AE00135511CC4F8B1
:1080C0000011A35484F80431274BAB423FF4D5ABE5
:1080D000FF296B780A46F0D101934FF00003D4F8E2
:1080E0000C21204684F8FF30D4F808319847019BD2
:1080F0006A1C237084F804310123C4F80031D4F8D9
:1081000028310133C4F82831174B93423FF4B5AB03
:1081100015F8023F0122D1E72F46D0F80011134D88
:1081200031E000BF24E5001000E500101CE5001060
:10813000F4E40010E8E40010F3E40010B3E50010EC
:10814000C9E500109FE50010B2E500108FE50010B2
:108150009EE5001073E500108DE500105FE500104E
:1081600070E500105BE5001070E5001047E50010B9
:108170000135511CC4F80011A35484F80431C24BDA
:10818000AB423FF47AABFF296B780A46F0D10193FA
:108190004FF00003D4F80C21204684F8FF30D4F8C7
:1081A00008319847019B6A1C237084F8043101232D
:1081B000C4F80031D4F828310133C4F82831B24B67
:1081C00093423FF45AAB15F8023F0122D1E72F4604
:1081D000D0F80011AD4D0AE00135511CC4F8001172
:1081E000A35484F80431AA4BAB423FF446ABFF29B9
:1081F0006B780A46F0D101934FF00003D4F80C21BC
:10820000204684F8FF30D4F808319847019B6A1C57
:10821000237084F804310123C4F80031D4F82831E4
:108220000133C4F828319A4B93423FF426AB15F83A
:10823000023F0122D1E72B69002B3FF41BABED6815
:10824000D0F800112B44013D5E1E09E00135511CA0
:10825000AE42C4F80011A35484F804313FF40AABD1
:10826000FF296B7805F101070A46EFD101934FF022
:108270000003D4F80C21204684F8FF30D4F80831EC
:1082800098470123BE42C4F80031019B237084F853
:108290000431D4F8283103F10103C4F828313FF444
:1082A000E9AA15F8023F0122D1E71121EA6802F09C
:1082B00099F9D4F80011FF2901F03F864A1C4023A8
:1082C000C4F8002120466354112184F804312A693E
:1082D000FFF7D7BAD0F80011FF2901F01D864A1C1C
:1082E0005B232F46C4F80021635484F80431FA68F4
:1082F0001121204602F076F93B69D4F800111F469F
:10830000002B01F02381634E09E02E46511CC4F876
:108310000011A35484F804315F4BB342E7D03546D3
:10832000FF290A4615F8013BEFD101934FF00003F6
:10833000D4F80C21204684F8FF300236D4F80831F6
:108340009847019B237084F804310123C4F800315D
:10835000D4F828310133C4F828314F4BAB42C6D092
:108360002B780122D2E7EA68112102F03BF94B4D4C
:10837000D4F800110AE00135511CC4F80011A354CF
:1083800084F80431464BAB423FF474AAFF296B7862
:108390000A46F0D101934FF00003D4F80C21204697
:1083A00084F8FF30D4F808319847019B6A1C237089
:1083B00084F804310123C4F80031D4F828310133A2
:1083C000C4F82831364B93423FF454AA15F8023FC3
:1083D0000122D1E72F46D0F80011324D0AE00135D5
:1083E000511CC4F80011A35484F804312E4BAB4245
:1083F00001F0BD80FF296B780A46F0D101934FF060
:108400000003D4F80C21204684F8FF30D4F808315A
:108410009847019B6A1C237084F804310123C4F837
:108420000031D4F828310133C4F828311E4B93426F
:1084300001F09D8015F8023F0122D1E7D5E903251F
:1084400012B1112102F0CEF8D4F80011FF2901F089
:1084500014854A1C7B23C4F8002120462A46635415
:10846000112184F8043102F0BDF8D4F80011FF297D
:1084700001F052814A1C7D23C4F80021635484F822
:108480000431FFF7F7B900BF57E5001033E50010DE
:1084900045E500108CE400108EE4001017E7001092
:1084A0001FE700102FE7001037E70010D0F814E1A5
:1084B000002306AA079508937146D0F81031174695
:1084C000F146CDF818E0C0F814210993002902F014
:1084D0001C80AA464FF0010C7546804614461AE0EF
:1084E000AB68B3B9BCF1030F01F2AE8516AB03EB79
:1084F0000C1E95E80F00AEF1400686E80F004EF81E
:10850000404C012307EB0C140CF1010CC8F814418A
:10851000AB602D6825B16B681B78193B022BDFD946
:10852000DAF8102011214046664602F05BF8089BFD
:1085300055464446C8F81491002B7FF49BA9012EA0
:1085400013D907EB06133246574646461D461446D6
:10855000013C55F80C2C1121304602F077F8012C23
:10856000A5F11005F4D13D463446D4F814312A461D
:108570001121204602F0C6FEFFF77CB91121EA68FE
:1085800002F030F8D4F80011FF2901F050844A1CA1
:108590002823C4F8002120466354112184F80431B3
:1085A0002A6902F01FF8D4F80011FF2900F0BE87F5
:1085B0004A1C2923C4F80021635484F80431FFF7CE
:1085C00059B9EA68112102F00DF811212A69FFF763
:1085D00057B92F46D0F80011B84D0AE00135511CAB
:1085E000C4F80011A35484F80431B54BAB423FF4F6
:1085F00044A9FF296B780A46F0D101934FF000039C
:10860000D4F80C21204684F8FF30D4F8083198477C
:10861000019B6A1C237084F804310123C4F80031E3
:10862000D4F828310133C4F82831A54B93423FF4E4
:1086300024A915F8023F0122D1E7EA685368002B0C
:108640003FF418A91568D0F800112B44013D5E1EB7
:1086500009E00135511CAE42C4F80011A35484F85E
:1086600004313FF407A9FF296B7805F101070A4699
:10867000EFD101934FF00003D4F80C21204684F889
:10868000FF30D4F8083198470123BE42C4F80031C6
:10869000019B237084F80431D4F8283103F10103DD
:1086A000C4F828313FF4E6A815F8023F0122D1E7CB
:1086B0002F46D0F80011834D0AE00135511CC4F853
:1086C0000011A35484F804317F4BAB423FF4D5A88A
:1086D000FF296B780A46F0D101934FF00003D4F8DC
:1086E0000C21204684F8FF30D4F808319847019BCC
:1086F000754A237084F804310123C4F80031D4F89A
:1087000028310133C4F828316B1C93423FF4B5A8DB
:1087100015F8023F0122D1E7D0F848210023C0F824
:10872000485111211646D0F81421C0F814311746CB
:10873000EA6801F057FF94F804313C2B01F0718393
:10874000D4F80011FF2901F05A834B1CC4F8003102
:108750003C2320466354112184F804312A6901F036
:1087600041FF94F804313E2B01F04383D4F800110B
:10877000FF2901F02E834B1CC4F800313E236354C3
:1087800084F80431C4F81471C4F84861FFF772B872
:10879000D0F8143100229846C0F81421EB68002B61
:1087A0003FF465A8D0F810112E46184617460D461E
:1087B00006AB944631461A600137C4F814311A46A4
:1087C000DD60C3E9010C90F800E0BEF14F0F3FF40B
:1087D00048A83FF641A8AEF11C06052E7FF641A839
:1087E000064670460B46294602281D4601F00E84B7
:1087F000042801F033842A691121204601F0F2FE99
:108800003378042B02D1049BC4F8103106AA204609
:1088100002EB071555F8084C002C01F03080103D94
:1088200006AB9D42F6D1C0F81481FFF723B82F465E
:10883000D0F80011254D0AE00135511CC4F8001193
:10884000A35484F80431224BAB4200F0C986FF29BF
:108850006B780A46F0D101934FF00003D4F80C2155
:10886000204684F8FF30D4F808319847019B184A15
:10887000237084F804310123C4F80031D4F828317E
:108880000133C4F828316B1C934200F0A98615F817
:10889000023F0122D1E7EA681121204617B0BDE866
:1088A000F04F02F017BE2B69002B3EF4E3AFED68EA
:1088B000D0F800112B44013D5E1E15E0CFE40010FE
:1088C000E6E40010AFE40010CDE400103BE6001039
:1088D00044E600100135511CAE42C4F80011A35407
:1088E00084F804313EF4C6AFFF296B7805F1010727
:1088F0000A46EFD101934FF00003D4F80C21204633
:1089000084F8FF30D4F8083198470123BE42C4F8F8
:108910000031019B237084F80431D4F8283103F12D
:108920000103C4F828313EF4A5AF15F8023F012237
:10893000D1E72F46D0F80011BA4D0AE00135511C9D
:10894000C4F80011A35484F80431B74BAB423EF491
:1089500094AFFF296B780A46F0D101934FF00003E2
:10896000D4F80C21204684F8FF30D4F80831984719
:10897000019BAD4A237084F804310123C4F800310F
:10898000D4F828310133C4F828316B1C93423EF4EB
:1089900074AF15F8023F0122D1E72F46D0F800113D
:1089A000A24D0AE00135511CC4F80011A35484F80B
:1089B00004319F4BAB4200F02D86FF296B780A46AD
:1089C000F0D101934FF00003D4F80C21204684F835
:1089D000FF30D4F808319847019B954A237084F8FA
:1089E00004310123C4F80031D4F828310133C4F82C
:1089F00028316B1C934200F00D8615F8023F0122CE
:108A0000D1E72F46D0F800118A4D0AE00135511CFC
:108A1000C4F80011A35484F80431874BAB423EF4F0
:108A20002CAFFF296B780A46F0D101934FF0000379
:108A3000D4F80C21204684F8FF30D4F80831984748
:108A4000019B6A1C237084F804310123C4F80031AF
:108A5000D4F828310133C4F82831774B93423EF4DF
:108A60000CAF15F8023F0122D1E7ED68002D40F070
:108A700034877249204617B0BDE8F04FFCF706BBBB
:108A8000EA68D0F82031511C8B4240F36387D0F85C
:108A9000103111465B68DB68002A01F08C8023B935
:108AA000FEF7E5BE002901F086801B690139002B25
:108AB000F8D1FEF7DCBED0F80011FF2901F04F829B
:108AC0004A1C7E23FFF7FCBBD0F80011ED68FF299C
:108AD00001F0F6814B1CC4F80031655484F8045150
:108AE000FEF7C8BE564DD0F800110AE00135511C02
:108AF000C4F80011A35484F80431524BAB423EF445
:108B0000B9AEFF296B780A46F0D101934FF000030C
:108B1000D4F80C21204684F8FF30D4F80831984767
:108B2000019B484A237084F804310123C4F80031C2
:108B3000D4F828310133C4F828316B1C93423EF439
:108B400099AE15F8023F0122D1E72F46D0F8001167
:108B50003D4D0AE00135511CC4F80011A35484F8BE
:108B600004313A4BAB423EF488AEFF296B780A469B
:108B7000F0D101934FF00003D4F80C21204684F883
:108B8000FF30D4F808319847019B304A237084F8AD
:108B900004310123C4F80031D4F828310133C4F87A
:108BA00028316B1C93423EF468AE15F8023F012257
:108BB000D1E72F46D0F80011254D0AE00135511CB0
:108BC000C4F80011A35484F80431224BAB423EF4A4
:108BD00054AEFF296B780A46F0D101934FF00003A1
:108BE000D4F80C21204684F8FF30D4F80831984797
:108BF000019B6A1C237084F804310123C4F80031FE
:108C0000D4F828310133C4F82831124B93423EF492
:108C100034AE15F8023F0122D1E70F4E2F46D0F8AF
:108C2000001126E0FFE5001010E60010E7E5001057
:108C3000FCE50010CBE50010E4E50010A0E6001014
:108C400023E700102BE700107FE600108DE60010F0
:108C5000AFE60010CCE6001090E600102E46511C46
:108C6000C4F80011A35484F80431BC4BB34200F0A3
:108C700053843546FF290A4615F8013BEED101938E
:108C80004FF00003D4F80C21204684F8FF30023660
:108C9000D4F808319847019B237084F804310123EC
:108CA000C4F80031D4F828310133C4F82831AB4B73
:108CB0009D4200F031842B780122D0E7EA6806A8B3
:108CC000A749FAF7F7F906A804F050FB00283EF48C
:108CD000D1AD06ABD4F800111E461F1809E02E4690
:108CE000511CB742C4F80011A35484F804313EF477
:108CF000C1AD3546FF290A4615F8013BEFD1019376
:108D00004FF00003D4F80C21204684F8FF300236DF
:108D1000D4F808319847019BBD42237084F8043190
:108D20004FF00103C4F80031D4F8283103F10103F6
:108D3000C4F828313EF49EAD2B780122D0E72F46AF
:108D4000D0F80011874D0AE00135511CC4F800111C
:108D5000A35484F80431844BAB423EF48EADFF291A
:108D60006B780A46F0D101934FF00003D4F80C2140
:108D7000204684F8FF30D4F808319847019B7A4A9E
:108D8000237084F804310123C4F80031D4F8283169
:108D90000133C4F828316B1C93423EF46EAD15F8D4
:108DA000023F0122D1E72B691A783C2A7EF45FAD9D
:108DB0001B691B783D2B7EF45AAD2A46112102F027
:108DC00015FE00287EF456AD2A461121204602F0F9
:108DD0004FFF00287EF44EADD5E90363F168DA68F1
:108DE0001B69086861490192D3E9037504F0E0F951
:108DF000019A002841F0B7831121204602F05EFD60
:108E000032461121204602F065FB112120463A46E8
:108E100002F054FD56492046FCF738F92A46112144
:108E2000204617B0BDE8F04F02F048BD2B691B7813
:108E30003A2B7EF41CADEA68D3681B685978632925
:108E400001F01E812A461121204602F0CFFD0028A4
:108E50007EF410AD2A461121204602F009FF0028B9
:108E60007EF408ADEB681A78332A01F02283DB68C0
:108E70004049186804F09CF92B69DA6818B913782E
:108E8000032B01F05C831121204602F017FDEA68F4
:108E90003949D36802921B681846019304F088F997
:108EA000029A002801F0168301983249019204F0D9
:108EB0007FF9019A002841F050832B691121204647
:108EC0001A6902F0FBFCEB681A78332A7EF4D2AC04
:108ED000DB689A68012A7EF4CDAC5B681B783E2B78
:108EE0007EF4C8AC2921204617B0BDE8F04FFCF74E
:108EF0008BB82F46D0F80011204D0AE00135511CE7
:108F0000C4F80011A35484F804311D4BAB4200F0A7
:108F10005682FF296B780A46F0D101934FF0000387
:108F2000D4F80C21204684F8FF30D4F80831984753
:108F3000019B6A1C237084F804310123C4F80031BA
:108F4000D4F828310133C4F828310D4B934200F096
:108F5000368215F8023F0122D1E700BF9AE60010E1
:108F60001CE4001013E600102DE6001054E600107B
:108F700058E600104CE6001050E600103BE60010EA
:108F800044E60010EA68D0F8001193689046C54D99
:108F90001F460AE00135511CC4F80011A35484F89F
:108FA0000431C14BAB4200F02282FF296B780A46A4
:108FB000F0D101934FF00003D4F80C21204684F83F
:108FC000FF30D4F808319847019BB74A237084F8E2
:108FD00004310123C4F80031D4F828310133C4F836
:108FE00028316B1C934200F0028215F8023F0122E7
:108FF000D1E71121EA6801F0F5FAAC4ED4F800117E
:109000002F460AE02E46511CC4F80011A35484F8E0
:109010000431A74BB34200F0D5813546FF290A46FB
:1090200015F8013BEED101934FF00003D4F80C2169
:10903000204684F8FF300236D4F808319847019B67
:10904000237084F804310123C4F80031D4F82831A6
:109050000133C4F82831964BAB4200F0B3812B7832
:109060000122D0E7D0F820311F46002B40F01E84AB
:10907000E968FCF747F8002800F01884BC4603783C
:10908000302B40F07286C368002B00F06E860069BA
:109090000CF1010C0028F2D1ED68E146C4F824710E
:1090A0002A461121204601F09DFA7B1C4B451F46A4
:1090B0003EF4E0ABD4F80011A8467E4E0AE02E46FE
:1090C000511CC4F80011A35484F804317A4BB34204
:1090D00000F08B813546FF290A4615F8013BEED199
:1090E00001934FF00003D4F80C21204684F8FF30A0
:1090F0000236D4F808319847019B0122237084F886
:109100000431D4F82831C4F800210133C4F82831DF
:10911000694B9D4200F069812B78D1E7EA68112103
:109120002F4601F05FFA654DD4F800110AE00135D1
:10913000511CC4F80011A35484F80431604BAB42B5
:1091400000F04081FF296B780A46F0D101934FF07F
:109150000003D4F80C21204684F8FF30D4F80831FD
:109160009847019B564A237084F804310123C4F8C0
:109170000031D4F828310133C4F828316B1C9342F4
:1091800000F0208115F8023F0122D1E7D0F800114C
:10919000FF2900F084864A1C3C23C4F80021635454
:1091A00084F80431EA686AB10025002D40F0D080CF
:1091B00011212046019201F015FA019A0135126938
:1091C000002AF2D1D4F80011FF2900F0D9864A1CF8
:1091D0003E23C4F80021635484F80431FEF74ABBEF
:1091E000D5E903351A78332A00F02284352A00F0B5
:1091F00096841A46112102F06DF90FE63149204696
:10920000FBF744FF2A69304906A80132F9F752FFFB
:1092100006A804F0ABF8002800F0D38506ABD4F81C
:109220000011A8461E461F1809E02E46511CB742E1
:10923000C4F80011A35484F8043100F0C185354608
:10924000FF290A4615F8013BEFD101934FF00003C7
:10925000D4F80C21204684F8FF300236D4F80831C7
:109260009847019BAF42237084F804314FF001030B
:10927000C4F80031D4F8283103F10103C4F82831CF
:1092800000F09E852B780122D0E7D4F834C19445B4
:1092900041F38680D4F830E12646134614467146E1
:1092A00019E000BF2FE6001037E6001084E400103C
:1092B00089E400108CE400108EE400100BE700102D
:1092C00013E7001094E400101CE400109C4501F129
:1092D000080101F063805EF8332001339042F5D13C
:1092E00022463446002901F05B80D6F82CC1BCF13F
:1092F000000F01F09A806346964607E09C4501D036
:10930000AA4206D05B68002B01F08F801A68824267
:10931000F4D101462046CDF804E0FBF79DFE019A0A
:1093200000283EF4A4AA90F800E0BEF1300F7EF4CD
:1093300058ABD4F824110029C0F22F85FBF7F4FDB7
:10934000002801F02A81134690F800E0FEF74ABB9E
:10935000D4F800111746B44EA84609E02E46511C19
:10936000C4F80011A35484F80431B04BB34223D0A5
:109370003546FF290A4615F8013BEFD101934FF01E
:109380000003D4F80C21204684F8FF300236D4F8CC
:1093900008319847019B237084F804310123C4F8F5
:1093A0000031D4F828310133C4F828319F4BAB4247
:1093B00002D02B780122D2E73A464546F8E63D46F0
:1093C000FEF7E8BA11213A69204601F00BF9D4F80A
:1093D0000011FF2900F00E834A1C5D23C4F8002110
:1093E000635484F80431FEF745BA454656E6D8F88A
:1093F00004502B78613B192B40F275837B1EEA5C8D
:10940000202A18BF3B46002B3EF434AA013DD4F875
:109410000011EE1809E00135511CAE42C4F80011EC
:10942000A35484F804313EF425AAFF296B7805F192
:1094300001070A46EFD101934FF00003D4F80C2145
:10944000204684F8FF30D4F8083198470123BE4203
:10945000C4F80031019B237084F80431D4F828311A
:1094600003F10103C4F828313EF404AA15F8023FC1
:109470000122D1E74546B5F9102006A86C49F9F755
:1094800019FE06A803F072FFA8B306ABD4F80011CA
:10949000A8461E461F1808E02E46511CB742C4F8C5
:1094A0000011A35484F8043124D03546FF290A461C
:1094B00015F8013BF0D101934FF00003D4F80C21D3
:1094C000204684F8FF300236D4F808319847019BD3
:1094D000AF42237084F804314FF00103C4F8003127
:1094E000D4F8283103F10103C4F8283102D02B78D5
:1094F0000122D2E74546AD7C002D3EF4BBA9D4F84D
:109500000011FF2900F080874B1CC4F8003165541E
:1095100084F80451FEF7AEB91121FA68204601F033
:1095200061F8D4F80011FF297FF442A800252046F5
:10953000D4E9423284F8FF509847D4F82831012208
:1095400029461344C4F82831FFF733B8FF297FF4C4
:1095500043AF204684F8FF70D4E942329847D4F8EC
:109560002831012239461344C4F8283135E7112146
:10957000FA6820462F4E01F035F8D4F800110AE0C1
:109580002E46511CC4F80011A35484F804312A4B10
:10959000B3423EF46FA93546FF290A4615F8013B50
:1095A000EED101934FF00003D4F80C21204684F84B
:1095B000FF300236D4F808319847019B237084F8B5
:1095C00004310123C4F80031D4F828310133C4F840
:1095D0002831194BAB423EF44DA92B780122D0E73C
:1095E000D4F848313D4633B1D4F8101106AACDE97C
:1095F0000613C4F81021EA681121204600F0F2FF9A
:10960000D4F84831002B3EF435A9069BC4F810313C
:10961000FEF730B911213A692046084E00F0E2FF0A
:10962000D4F8001117E000BF8CE400108EE40010A5
:109630001CE400103CE7001042E70010E0E50010D9
:109640002E46511CC4F80011A35484F80431C54BB4
:10965000B3423EF412A93546FF290A4615F8013BEC
:10966000EED101934FF00003D4F80C21204684F88A
:10967000FF300236D4F808319847019B237084F8F4
:1096800004310123C4F80031D4F828310133C4F87F
:109690002831B44BAB423EF4F0A82B780122D0E73E
:1096A000FA6806A8B0490132F9F704FD06A803F0EC
:1096B0005DFED4F8001160B306AB1F181E4608E02B
:1096C0002E46511CB742C4F80011A35484F804314B
:1096D0001FD03546FF290A4615F8013BF0D101930A
:1096E0004FF00003D4F80C21204684F8FF300236F6
:1096F000D4F808319847019BBD422370D4F8283133
:1097000003F10103C4F8283100F08F812B78012286
:10971000D7E7FF297EF4AEAE00252046D4E94232D9
:1097200084F8FF509847D4F8283101222946134481
:10973000C4F82831FEF79FBE2A461121204600F0CA
:1097400085FF019BFEF7B9B8D4F820213D46FB68A0
:1097500093460022C4F820210592D4F810210492E7
:1097600004AAC4F810211BB11A78592A00F0F08419
:10977000012206AFFF29C4F8202100F06A834A1CA9
:10978000C4F800211A4628232046784EA846635480
:10979000112184F8043100F025FF049BD4F8001156
:1097A000C4F81031C4F820B109E02E46511CC4F8A9
:1097B0000011A35484F804316D4BB34223D03546D5
:1097C000FF290A4615F8013BEFD101934FF0000342
:1097D000D4F80C21204684F8FF300236D4F8083142
:1097E0009847019B237084F804310123C4F80031A9
:1097F000D4F828310133C4F828315D4BAB4202D094
:109800002B780122D2E7D8F8102038465649013289
:10981000F9F750FC384603F0A9FDD4F800110028F0
:109820003FF477AF3E46074409E02E46511CB7424D
:10983000C4F80011A35484F804313FF46AAF3546EC
:10984000FF290A4615F8013BEFD101934FF00003C1
:10985000D4F80C21204684F8FF300236D4F80831C1
:109860009847019BAF422370D4F8283103F10103DC
:10987000C4F8283100F0D9802B780122D6E7D0F83F
:109880000011FF2901F1010300F05084C0F80031FC
:109890004FF0200355F80C2C4354112180F804316B
:1098A000019000F0D3FE0198FEF7B9BF1121EA68DC
:1098B000204602F003F82F49FFF7DCB8C26809918F
:1098C00006A9CDF818C0C4F8141100210795089115
:1098D000002A7DF4E8AFFDF7E5BF2749FBF7D6FB8B
:1098E00021492A4606A8F9F7E5FB06A803F03EFD44
:1098F000D4F80011002800F08C8006AB1F181E461B
:1099000008E02E46511CB742C4F80011A35484F855
:1099100004317ED03546FF290A4615F8013BF0D1C7
:1099200001934FF00003D4F80C21204684F8FF3057
:109930000236D4F808319847019BAF422370D4F81F
:10994000283103F10103C4F8283100F0DC842B78BE
:109950000122D7E7002B00F00D81084E2F46D0F8EA
:10996000001118E0E5E500101CE40010F8E6001016
:10997000FAE600109CE60010A8E60010A8E400102B
:109980002E46511CC4F80011A35484F80431BA4B7C
:10999000B34200F0A8813546FF290A4615F8013B7D
:1099A000EED101934FF00003D4F80C21204684F847
:1099B000FF300236D4F808319847019B237084F8B1
:1099C00004310123C4F80031D4F828310133C4F83C
:1099D0002831A94BAB4200F086812B780122D0E7D9
:1099E0000026FDF7B3BFBCF1560F7DF4D3AF3A2389
:1099F000FDF7E1BF00252046D4E9423284F8FF504C
:109A00009847D4F82831012229461344C4F8283154
:109A1000E3E4FF2900F0AA847D234A1CC4F8002156
:109A2000635484F80431FDF725BF0121FEF722BD00
:109A3000DA68106802780646B2F1610103D1417814
:109A4000643908BF8178287811B9032800F00485AB
:109A50003A2800F06B85732A14D171785A2940F0A6
:109A60005584B178002940F0518429462046FBF7FF
:109A700049FBFBF749FA0146204617B0BDE8F04F15
:109A8000FBF7DABB1A461121204601F023FD32789C
:109A9000672A06D17378732B03D1B378002B3DF47A
:109AA000C6AF732A2FD17378742B2CD1B37853BBE4
:109AB00028212046FBF7A8FA11212A46204600F06B
:109AC00091FD2921FFF70FBAD4F810210546079020
:109AD000099200220892D4F81421069206AAC4F82A
:109AE0001421FDF7DFBE20212046CDF80480FBF7CE
:109AF0008BFA019A556881E42A461121204600F02C
:109B0000A5FDFDF70EBF6E2A7FF488A97378782B28
:109B10007FF484A9B378002BCAD0FFF77FB928213E
:109B20000193FBF771FA019B20461121DA6800F0DE
:109B300059FD29212046FBF767FAFFF76FB9072B7C
:109B40007DF404AF2A69117800297DF4FFAE116914
:109B500001297DF4FBAEBCF13E0F7DF4F7AED36876
:109B60001B78302B00F03185312B7DF4EFAE43496B
:109B7000FEF780BF2946FBF76FFA024600283DF446
:109B800076AE0378302B09D1D4F82411002905DBF7
:109B9000FBF7CAF9024600283DF469AED4F810512B
:109BA000112120462B68C4F8103100F01BFDC4F8C9
:109BB0001051FDF75FBE002B3DF459AE19785D29B9
:109BC00004D1DB68002B3DF452AE19785A390229D2
:109BD00042D90123C4F81831294906A8F9F76AFACD
:109BE00006A803F0C3FB00283DF444AE06ABD4F84E
:109BF00000111E461F1809E02E46511CB742C4F83A
:109C00000011A35484F804313DF434AE3546FF29E5
:109C10000A4615F8013BEFD101934FF00003D4F849
:109C20000C21204684F8FF300236D4F808319847DA
:109C3000019BAF42237084F804314FF00103C4F854
:109C40000031D4F8283103F10103C4F828313DF480
:109C500011AE2B780122D0E70A4B019253F8215024
:109C6000284603F083FB019A0028B5D0013DD4F8C3
:109C700000119046461910E0ADE4001078E600109F
:109C80001CE4001080F400100135511CAE42C4F8F1
:109C90000011A35484F8043123D0FF296B7805F117
:109CA00001070A46F0D101934FF00003D4F80C21CC
:109CB000204684F8FF30D4F8083198470123BE428B
:109CC000C4F80031019B237084F80431D4F82831A2
:109CD00003F10103C4F8283103D015F8023F012233
:109CE000D3E7424678E7FA6806A8DA490132F9F77D
:109CF000E1F906A803F03AFB00283DF4BBAD06AB42
:109D0000D4F800111E461F1809E02E46511CB74218
:109D1000C4F80011A35484F804313DF4ABAD3546CA
:109D2000FF290A4615F8013BEFD101934FF00003DC
:109D3000D4F80C21204684F8FF300236D4F80831DC
:109D40009847019BAF42237084F804314FF0010320
:109D5000C4F80031D4F8283103F10103C4F82831E4
:109D60003DF488AD2B780122D0E7BCF1000F7FF4E1
:109D700093A9FDF77FBD002320466354D4F80C213E
:109D8000D4F808319847D4F828210023C4F80031CA
:109D9000531CC4F82831FDF75ABE2B78302B1346DC
:109DA000D4E9441C7DF42CAE00220546CDF818C041
:109DB000089206AA09910790C4F81421FDF772BD14
:109DC0004546A5492046FBF761F9ED682A46FDF7AF
:109DD00056BD00252046D4E9423284F8FF5098470A
:109DE000D4F8283129460133C4F828310123FEF77D
:109DF000C3BC20212046FBF707F9FEF7B7BC0023C0
:109E0000D4F80C21204684F8FF30D4F80831984764
:109E1000D4F8283100210133C4F828310123FEF79A
:109E200095BC20212046FBF7EFF8FEF789BC002304
:109E3000D4F80C21204684F8FF30D4F80831984734
:109E4000D4F82801012200218318C4F82831FEF734
:109E50009FBB01934FF00003D4F80C21204684F8F7
:109E6000FF30D4F808319847D4F828210021019B0D
:109E70000132C4F82821012282E40023D4F80C2105
:109E8000204684F8FF30D4F808319847D4F82801E8
:109E9000012200218318C4F82831FEF7DBBA002321
:109EA000D0F80C2180F8FF30D0F808319847D4F86A
:109EB0002801012200218318C4F82831FFF76CB96A
:109EC0004FF00002D0F8083180F8FF20D0F80C21C4
:109ED0009847D4F82821012300211A44C4F82821E6
:109EE000FEF7F9BDD4F810210021FB683D4604922D
:109EF00004AA0591C4F81021D4F82021C4F8201137
:109F000093461BB11A78592A00F02281012206AF2C
:109F10001146C4F8202132E40023D0F80C2180F847
:109F2000FF30D0F808319847D4F8280101220021E9
:109F30008318C4F82831FEF7D3B90023D4F80C21D4
:109F4000204684F8FF30D4F808319847D4F8280127
:109F5000012200218318C4F82831FEF7B0B900238C
:109F6000D0F80C2180F8FF30D0F808319847D4F8A9
:109F70002801012200218318C4F82831FEF7A1BD71
:109F800000252046D4E9423284F8FF509847D4F89F
:109F90002831012229461344C4F82831FFF718B9A3
:109FA0005B212046FBF730F811212A69204600F09A
:109FB00019FB5D21FEF797BF2D212046FBF724F802
:109FC000FDF7E5BC0023D4F80C21204684F8FF30CF
:109FD000D4F808319847D4F828210021531CC4F83C
:109FE00028310123FDF7C9BC0023D4F80C212046F9
:109FF00084F8FF30D4F808319847D4F8282100219C
:10A00000531CC4F828310123FDF7A6BC33691E4652
:10A010001B78492B00F019820DF1080CA6468946E1
:10A02000AA460CEB071C344620784F28A0F11C02EE
:10A03000A0F152034AD047D8052A47D926464946B7
:10A0400055467446FEF7D4BB0123C8F81831FDF716
:10A0500011BC00BF1CE40010A4E4001004ABC4F861
:10A0600010313369CDE904161A785E2A7EF4C3AB49
:10A07000DA6832612A69DA601A462B61FEF7BCBBE6
:10A080001B78A3F17201012903D9633B012B3EF632
:10A09000D9AE1121204601F01DFA3C212046FAF7E5
:10A0A000B3FF2B6911212046DA6800F09BFAB7490B
:10A0B0002046FAF7EBFF2B69112120461A6900F0C0
:10A0C00091FA2921FEF70FBF012BB7D8042F65465F
:10A0D00007F1010712D00CF110069CE80F0086E88A
:10A0E0000F000023CCF810C0CEF81461B446AB606A
:10A0F0006C60C5F80C90E468002C95D17446FDF7AF
:10A10000B6BB01934FF00003D4F80C21204684F82D
:10A11000FF30D4F808319847D4F828210021019B5A
:10A120000132C4F828210122FDF74BBCD0F80831D8
:10A13000D0F80C2180F8FF40019098470198214603
:10A14000D0F828310133C0F828310123FFF79EBB36
:10A150003C212046059306AF0193FAF755FF019B7A
:10A16000DA68002A71D0914602930395D4F8203121
:10A170005A1CC4F82021002B40F0AF804A46112120
:10A18000204600F02FFAD4F80031FF2B00F0AA800F
:10A19000591C2022C4F80011E25484F8042199F8D3
:10A1A00000305D2B03D1D9F80C3099461B785A3B0F
:10A1B000D4F82021022B02F1FF3A54D90123C4F82C
:10A1C0001831524672493846F8F774FF384603F0A2
:10A1D000CDF898B307EB0008D4F800113E4608E02C
:10A1E0002E46511CB045C4F80011A35484F8043124
:10A1F00024D03546FF290A4615F8013BF0D10193DA
:10A200004FF00003D4F80C21204684F8FF300236CA
:10A21000D4F808319847019BA845237084F804318D
:10A220004FF00103C4F80031D4F8283103F10103E1
:10A23000C4F8283102D02B780122D2E7D9F81030A7
:10A240009946002B92D1DDE902353E21204601934B
:10A25000FAF7DAFE019BD4F820211B690132D4F809
:10A260000011FFF787BA4B4A019152F82350284654
:10A2700003F07CF801990028A3D0013D2E1808E0D6
:10A280000135511CAE42C4F80011A35484F80431C6
:10A2900097D0FF296B780A46F2D101934FF0000363
:10A2A000D4F80C21204684F8FF30D4F808319847C0
:10A2B00001236A1CC4F80031019B9642237084F884
:10A2C0000431D4F8283103F10103C4F828313FF4F4
:10A2D00078AF15F8023F0122D3E72F492046FAF75D
:10A2E000D5FE4BE719464FF00003204684F8FF30B7
:10A2F000D4E942329847D4F8283101210133C4F817
:10A300002831002345E70121FFF786BB732A7FF43C
:10A31000B9AB7278502A7FF4B5ABB278002A7FF4DB
:10A32000B1AB2646144604E001342D69002D00F03F
:10A33000F8802B78302B40F0F480EB68002B00F095
:10A34000F0801A784D2AEFD1D9683046FAF7DAFE54
:10A35000024648B1002204E0C16829B10069013217
:10A3600010B101783029F7D01444DEE700252046EB
:10A37000D4E9423284F8FF509847D4F8283129466E
:10A380000133C4F82831FFF747BB00BF48E600108F
:10A390001CE4001080F400108CE4001022463446C7
:10A3A000D4F838319C45BDF662AAD4F830310CF1AE
:10A3B0000101C4F8341143F83C0003EBCC03D4F89A
:10A3C00010C10433BCF1000F00F0EE80D4F844114A
:10A3D0008846D4F8401113E0D4F83C6106EBC10E76
:10A3E000DCF804600131C4F84011CEF80460C3F811
:10A3F00000E07346DCF800C0BCF1000F00F0D48030
:10A400008845E9DCFDF733BA0023D4F80C21204657
:10A4100084F8FF30D4F808319847D4F82821002177
:10A42000531CC4F82831FFF76FB84B680146D4F8C5
:10A4300010212046C4F810311746FAF70DFE002807
:10A4400000F0AE800122FEF76EBFF3681E46002BBF
:10A450007FF4E2ADFDF70BBAE968087801287FF4D4
:10A46000FAAA286900782A2808BF0D46FFF7F3BA30
:10A47000BCF13F0F00F0A5802A691121204600F0B1
:10A48000B1F8B31E042B3DF6F5A9DFE803F00F0C7D
:10A49000090603004E49FEF7EDBA4E49FEF7EABA47
:10A4A0004D49FEF7E7BA6C21FEF71DBD7521FEF799
:10A4B0001ABDDA68916801297EF4D9AC5268127825
:10A4C0003E2A7EF4D4AC28212046FAF79DFDEB68A5
:10A4D000FEF7CDBC20465B21FAF796FD2B6920469E
:10A4E00011211A6900F07EF85D212046FAF78CFDF3
:10A4F000FEF7E9BC06AAD4F810110890C4F814219C
:10A500000991CDE90605FDF7CDB92A69112100F0C1
:10A5100069F8089BC4F81491002B3EF426A8FDF7B7
:10A52000A9B9234634461946FFF7A6BAEA681121AD
:10A530002046019301F0C2F9019AFEF7ADB9136903
:10A540001B782A2B02D00123C4F81831D2681121BC
:10A55000204601F0B3F9FEF79ABC1121204600F025
:10A56000B9FFFEF7AABC1D4920460192FAF78EFDFD
:10A57000019AD3683BB11121204601F09FF92021B7
:10A580002046FAF741FD3A461121204600F02AF80C
:10A59000002D7EF443ACFDF76DB9002A3DF467A9A8
:10A5A000C4F81071FDF763B90146C3F800C0204636
:10A5B0000192FAF751FD019A00287EF4B4AEFDF73E
:10A5C00056B92D21FAF720FD56E70549FEF752BA94
:10A5D0006CE6001068E6001064E600105CE600100F
:10A5E00070E6001010B5044684B052B3D2F804C02F
:10A5F000BCF1010F25DCD0F81C11B1F5806F20DC17
:10A600000CF10101029201925160D0F81C1101314C
:10A61000C0F81C11D0F82C11039102A9C0F82C111C
:10A620001121FDF7A7F8019B03995A68C4F82C1172
:10A63000013A5A60D4F81C31013BC4F81C3104B013
:10A6400010BD0123C4F8183104B010BD70B51378E3
:10A6500082B01446033B502B66D8DFE813F06A0142
:10A6600065006500650065006500650065006500C2
:10A6700065006500650065006500650065006500B2
:10A68000650065006500650065006C009D00CE00FA
:10A690006C009D00CE00F502410163004E015D019A
:10A6A00000016C019F01D201650065006500650035
:10A6B000200265005E0265006500650065006500BA
:10A6C0006500650065006500650065006500650062
:10A6D0006500650065006500650065006500650052
:10A6E0006500650065006500650065006500650042
:10A6F000650065006500910265006500C4020E01F9
:10A70000E26811210090FFF76DFF0098D0F800116A
:10A71000FF2900F009834A1C2923C0F80021435473
:10A7200080F8043102B070BD2246112102B0BDE8AC
:10A730007040FFF757BFB54CD0F8001109E01C4638
:10A74000B34B511CA342C0F80011855480F804514A
:10A75000E8D0FF29657804F101030A46EFD101939F
:10A760004FF00003009080F8FF30D0E94232984764
:10A7700000980123D0F82821C0F800311A44019B29
:10A780000570C0F82821A24A80F804519A42C9D025
:10A7900014F8025F0122D3E79E4CD0F8001109E0C3
:10A7A0001C469D4B511CA342C0F80011855480F8F3
:10A7B0000451B7D0FF29657804F101030A46EFD1AF
:10A7C00001934FF00003009080F8FF30D0E942324F
:10A7D000984700980123D0F82821C0F800311A4486
:10A7E000019B0570C0F828218B4A80F804519A42D9
:10A7F00098D014F8025F0122D3E7884BD0F80011FB
:10A8000009E02346511CC0F800118554844A80F8A1
:10A8100004519A4286D01C46FF290A4614F8015B6F
:10A82000EFD101934FF00003009080F8FF30D0E9A2
:10A830004232984700980123D0F82821C0F800310F
:10A840000132019B0570C0F828210233744A80F858
:10A850000451A2423FF466AF25780122D2E7D0F836
:10A860000011FF2900F082824A1C2623C0F8002133
:10A87000435480F8043102B070BD6A4ED0F8001124
:10A880000AE02E46511CC0F80011835480F80431B0
:10A89000654BB34200F0E4813546FF290A4615F8BE
:10A8A000013BEED101934FF000030090023680F897
:10A8B000FF30D0E942329847DDE90003037080F8A9
:10A8C00004310123C0F80031D0F828310133C0F839
:10A8D0002831554B9D4200F059822B780122D1E757
:10A8E000D0F80031FF2B00F0EC81591C2022C0F879
:10A8F0000011C25480F804211FE0D0F80011FF2994
:10A9000000F0CD814A1C2023C0F8002143541121BE
:10A9100080F80431226909E7D0F80011FF2900F01E
:10A92000F3814A1C2A23C0F80021435480F80431E3
:10A93000F8E6E268F9E6D0F800113C4D0AE01D4661
:10A940003B4B511CAB42C0F80011845480F80441C9
:10A950003FF4E8AE2B46FF290A4613F8014BEED12F
:10A9600001934FF000030090023580F8FF30D0E9EA
:10A970004232984700980123D0F82821C0F80031CE
:10A980001A44019B0470C0F82821294A80F8044128
:10A9900093423FF4C7AE1C780122D1E7254CD0F892
:10A9A00000110AE01C46244B511CA342C0F80011C0
:10A9B000855480F804513FF4B5AEFF29657804F161
:10A9C00001030A46EED101934FF00003009080F896
:10A9D000FF30D0E94232984700980123D0F828216F
:10A9E000C0F800311A44019B0570C0F82821124AB2
:10A9F00080F8045193423FF495AE14F8025F0122AF
:10AA0000D1E70E4BD0F8001125E000BF4FE7001052
:10AA100058E700105BE7001064E7001068E70010DB
:10AA20006EE7001090E7001096E7001098E700101E
:10AA30009AE700109BE70010A4E70010A8E70010B9
:10AA40002346511CC0F800118554BF4A80F80451B8
:10AA50009A423FF467AE1C46FF290A4614F8015B90
:10AA6000EED101934FF00003009080F8FF30D0E961
:10AA70004232984700980123D0F82821C0F80031CD
:10AA80000132019B0570C0F828210233AE4A80F8DC
:10AA90000451A2423FF446AE25780122D1E790F856
:10AAA0000431282B40F0EE801121E2680090FFF77E
:10AAB00099FD0098A54BD0F800110AE02346511CDF
:10AAC000C0F800118554A24A80F804519A423FF41C
:10AAD00029AE1C46FF290A4614F8015BEED101930A
:10AAE0004FF00003009080F8FF30D0E942329847E1
:10AAF00000980123D0F82821C0F800310132019BD1
:10AB00000570C0F828210233914A80F80451A2420E
:10AB10003FF408AE25780122D1E78E4ED0F800111F
:10AB20000AE02E46511CC0F80011835480F804310D
:10AB3000894BB3423FF4E4AD3546FF290A4615F888
:10AB4000013BEED101934FF000030090023680F8F4
:10AB5000FF30D0E942329847DDE90003037080F806
:10AB600004310123C0F80031D0F828310133C0F896
:10AB70002831794BAB423FF4C3AD2B780122D1E7AA
:10AB8000764CD0F800110AE01C46754B511CA342CC
:10AB9000C0F80011855480F804513FF4C3ADFF297B
:10ABA000657804F101030A46EED101934FF00003EA
:10ABB000009080F8FF30D0E9423298470098012396
:10ABC000D0F82821C0F800311A44019B0570C0F864
:10ABD0002821634A80F804519A423FF4A3AD14F847
:10ABE000025F0122D1E75F4DD0F8001109E0013585
:10ABF000511CC0F80011835480F804315A4BAB4209
:10AC00002ED0FF296B780A46F1D101934FF0000353
:10AC1000009080F8FF30D0E9423298476A1CDDE9A5
:10AC20000003037080F804310123C0F80031D0F82C
:10AC300028310133C0F828314B4B934200F0A680F5
:10AC400015F8023F0122D3E7D0F80031FF2B49D09D
:10AC50002022591CC0F80011C25480F8042100E6DB
:10AC60002369002B3FF45EADFF2900F0968002328D
:10AC70002823C0F800214354112180F804310090AA
:10AC8000226940E5D0F80011FF2900F098804A1CA5
:10AC90002023C0F80021435480F8043104E7002544
:10ACA000D0F80831D0F80C2180F8FF500090984778
:10ACB000009801222946D0F828311344C0F82831E1
:10ACC00021E600241946009080F8FF40D0E9425266
:10ACD000A847009801212346D0F828210A44C0F84B
:10ACE000282103E600251946009080F8FF50D0E99E
:10ACF0004242A047009801212022D0F8283102705A
:10AD00000B44C0F82831AFE500240090D0E942326E
:10AD100080F8FF409847009801222146D0F828315A
:10AD20001344C0F82831FDE500240090D0E94232F8
:10AD300080F8FF409847009801222146D0F828313A
:10AD40001344C0F82831E7E4B3E70010B4E700107B
:10AD5000B7E70010B8E70010C2E700106FE7001077
:10AD600080E7001083E700108CE7001000240090BB
:10AD7000D0E9423280F8FF409847009801222146EE
:10AD8000D0F828311344C0F828316EE52369002B30
:10AD90003FF4C8AC0022012169E70025D0F8083152
:10ADA000D0F80C2180F8FF500090984700980122BD
:10ADB0002946D0F828311344C0F8283158E7002537
:10ADC000D0F80831D0F80C2180F8FF500090984757
:10ADD000009801222946D0F828311344C0F82831C0
:10ADE00056E700BF2DE9F84F1D4604469246002B5A
:10ADF00000F01F811A46002601208F4F9368A3B9E7
:10AE000053681B78193BDBB2132B00FA03F109D806
:10AE100039423ED111F4E05F40F0B180082B08BF09
:10AE200046F001061268002AE8D10023D4F8147114
:10AE30002A461121C4F81431204600F003F9D4F851
:10AE40000031FF2B4FD02822591CC4F80011E254C6
:10AE500084F80421002E60D1DAF810201AB11121F3
:10AE60002046FFF7BFFBD4F80011FF2900F0A080B7
:10AE70004B1C2920C4F800312A46012360541121BB
:10AE800084F80401204600F0DDF8C4F81471BDE830
:10AE9000F88F94F80431202BD4F8001140F09780FB
:10AEA000FF2976D04B1CC4F800314FF0000828234E
:10AEB0002A46204663541121D4F8147184F80431D1
:10AEC0004346C4F8148100F0BDF8D4F80011FF29FE
:10AED00000F088804B1C2922FF2BC4F800316254FB
:10AEE00084F80421AFD14FF000081946D4F80C21A2
:10AEF0002046D4F8083184F8FF809847D4F82821F8
:10AF0000434601210132C4F80011C4F82821282247
:10AF1000E25484F80421002E9ED0DFF82081AB4655
:10AF2000DFF81C9108E0B146591CC845C4F800116F
:10AF3000E55484F8045120D04E46FF290B4616F8FC
:10AF4000015BF0D14FF00003204609F1020984F8BB
:10AF5000FF30D4E9423298470123B0452570C4F848
:10AF60000031D4F8283184F8045103F10103C4F806
:10AF7000283146D035780123D6E75D466CE794F852
:10AF8000043103F0FD02282A85D1D4F80011FF29ED
:10AF900088D100272046D4E9423284F8FF709847D0
:10AFA000D4F8283139460133C4F8283101237AE72F
:10AFB00000262046D4E9423284F8FF609847D4F84E
:10AFC000283131460133C4F82831012351E7FF29E4
:10AFD0001FD04B1C2022C4F800316254194684F85B
:10AFE00004215DE7D4E94232204684F8FF80984787
:10AFF000D4F828310133C4F82831292323700123E0
:10B0000021E7DAF810205D46002A7FF428AF0121FD
:10B010002EE70023204684F8FF30D4E942329847D7
:10B02000D4F8283101210133C4F8283120232370BA
:10B0300038E71E46F9E600BF07620800C9E70010BE
:10B04000C4E70010002A00F0AA802DE9F04714465A
:10B0500088B01F4605464FF00108D5F818310BBBE4
:10B06000A3682BBB626837B913784F2B20D01CD84C
:10B070001C3B052B1CD9E368C4F80880D5F8106187
:10B08000C5F8103113782A2B16D02B2B1ED0022B8B
:10B0900026D011212846FFF7D9FA2468C5F8106197
:10B0A000002CDAD108B0BDE8F087523B012BE2D882
:10B0B0002468002CD1D1F5E7236811212846FFF739
:10B0C00091FEC5F8106108B0BDE8F0872368112132
:10B0D000284600F017F9C5F8106108B0BDE8F08700
:10B0E0000023D5F8147111212846C5F81431A24661
:10B0F000D268FFF777FAC5F814717C4FD5F80011C4
:10B1000007F10208B94608E0B946591CC845C5F818
:10B110000011EC5485F8044120D04F46FF290B461E
:10B1200017F8014BF0D14FF00003284609F102094E
:10B1300085F8FF30D5E942329847012347452C7006
:10B14000C5F80031D5F8283185F8044103F1010331
:10B15000C5F8283120D03C780123D6E754466368EF
:10B160001C692378492B1BD04F2BA3F15202A3F16A
:10B170001C010ED00BD805290BD9224611212846D7
:10B18000FFF730FAC5F8106108B0BDE8F087012A72
:10B19000F3D8E4682378E7E754460121DFE77047F6
:10B1A000DFF85881A14609E0B846591CC5F80011DE
:10B1B000EC544F4B85F80441434520D04746FF29C6
:10B1C0000B4617F8014BEFD14FF00003284608F16A
:10B1D000020885F8FF30D5E94232984701232C70E8
:10B1E000C5F80031D5F8283185F804410133C5F898
:10B1F00028313F4B9F4202D03C780123D5E7D9F854
:10B20000102001A83B494C460132F7F753FF01A833
:10B2100002F0ACF8D5F8001190B30DF10408B14676
:10B22000A24608EB000608E0B846591C4645C5F89A
:10B230000011EC5485F8044120D04746FF290B4605
:10B2400017F8014BF0D14FF00003284608F102082F
:10B2500085F8FF30D5E9423298470123B7422C7078
:10B26000C5F80031D5F8283185F8044103F1010310
:10B27000C5F8283135D03C780123D6E74E465446F0
:10B28000DFF87C80A14609E0B846591CC5F80011DA
:10B29000EC54194B85F80441434520D04746FF291B
:10B2A0000B4617F8014BEFD14FF00003284608F189
:10B2B000020885F8FF30D5E94232984701232C7007
:10B2C000C5F80031D5F8283185F804410133C5F8B7
:10B2D0002831094BBB4202D03C780123D5E74C46CC
:10B2E00057E74E4654460121CAE700BF90E40010DC
:10B2F000A1E400101CE40010A7E4001094E4001086
:10B30000A4E400102DE9F043044683B0174653B17E
:10B310001D46986878B31B68002BFAD12A46112184
:10B320002046FFF78FFED4F80031FF2B5AD0591C6E
:10B330002022FF29C4F80011E25484F8042128D007
:10B340005B224B1CC4F80031625484F80421FA6873
:10B350002AB111212046FFF745F9D4F80031FF2B1F
:10B3600030D0591C5D22C4F80011E25484F8042145
:10B3700003B0BDE8F0835B681B782B2B4ED10346EE
:10B3800011212A462046FFF75DFED4F80011FF295F
:10B39000D6D10022D4F80831204684F8FF20D4F812
:10B3A0000C219847D4F8282101235B211A44C4F8C2
:10B3B00000312170C4F8282184F80411FA68002AA9
:10B3C000C7D1CEE700251946204684F8FF50D4E9BE
:10B3D0004262B047D4F8282101212B460A44C4F820
:10B3E0002821BFE700221946D4F80851204684F8E6
:10B3F000FF20D4F80C21A847D4F8282145F62031A5
:10B400000223013221805B21C4F80031C4F82821D5
:10B4100084F80411FA68002A9BD1A2E7D4F800113D
:10B4200080462A4BA94609E03346511CC4F8001156
:10B43000A554274A84F804519A4222D01E46FF2977
:10B440000A4616F8015BEFD1D4F80C21204601938F
:10B4500084F8FF80D4F808319847D4F828210123D4
:10B460002570013284F80451C4F80031C4F8282151
:10B47000174A019B964203F1020302D0357801225C
:10B48000D3E7112100234A462046FFF7DBFDD4F81D
:10B490000011FF2907D029224B1CC4F80031625447
:10B4A00084F8042141E70022D4F80831204684F8CA
:10B4B000FF20D4F80C219847D4F8283142F2290211
:10B4C000022101332280C4F8283139E798E60010C0
:10B4D0009AE600101378332B02D01121FFF782B8BF
:10B4E000D36870B59D6882B08DB35B68D0F80011E9
:10B4F0001D44013B013D08E03346511C9D42C0F80C
:10B500000011845480F8044121D0FF295C7803F1B4
:10B5100001060A46F0D101934FF00003009080F835
:10B52000FF30D0E94232984700980123AE42D0F86C
:10B530002821C0F800311A44047080F80441C0F892
:10B54000282104D0019B012213F8024FD5E702B055
:10B5500070BD00BF2DE9F04FE9B00446037800AF9D
:10B560005F2BC7E9002100F0348108229D49204665
:10B5700001F06EFD002800F08F8000239B46002B19
:10B5800007F110054FF00103ABF102094FF011086C
:10B59000AB6314BF46234723BB605FFA89F3FB60AC
:10B5A000204601F0E3FE0023410022182C60B1F593
:10B5B000006F6A60AB62EB63C7E90F33C5E90284D1
:10B5C000C5E90531C5E908306B6300F2EA80830004
:10B5D000E94600EB8000BBF1010F03F10703A9EB83
:10B5E000C00223F007039546EA46ADEB030DC5F80C
:10B5F00010A0C5F81CD071D0FB68012B67D8E37A86
:10B6000004F10B065F2BEE6002D1237B5A2B2ED068
:10B61000002900F0C380304601F0A8FE002301217C
:10B62000CAE901336961002800F0B8808AF8003067
:10B63000CAE9036052460023B9682846F9F764FA5C
:10B640008246304601F092FE3318EB60335C33B92A
:10B65000BAFA8AF35B09BAF1000F40F0C580AB6B10
:10B66000013340F0A4800023AB63CD4698E704F19A
:10B670000D032846EB60637B472B00F0A080A3F10D
:10B680005401B1FA81F14909002940F09880FBF793
:10B69000DBFCEE688246CDE7227A5F2A18BF2E2AAD
:10B6A0000CBF01230023242A08BF43F0010363B128
:10B6B000627A492A18BF442A0CBF0123002304D10F
:10B6C000A17A5F2900F0F08003469B4657E72846A1
:10B6D000F9F768FFEB6882461B78B8E723785F2BA1
:10B6E000BDD163785A2BBAD1A31CEB60A378472B4A
:10B6F0006AD0542B68D059462846FBF7A5FC8246F1
:10B70000D5E90201C2070B78A1D52E2B9FD14B782A
:10B71000A3F16102192A05D95F2B03D0303B092B15
:10B7200000F2BF808B788E1CA3F13000A3F1610280
:10B73000192A88BF092809D816F8013FA3F161002A
:10B74000A3F13002092A88BF1928F5D95F2BF3D05D
:10B750002E2B11D17378303B092B0DD8B3780236DC
:10B76000A3F13002092AF3D816F8013FA3F1300201
:10B77000092AF9D92E2BEDD0721A2846EE60F9F776
:10B7800055FA5246034650212846F9F7BDF9337859
:10B7900082462E2B7FF45BAF3146B8E74FF0000AAC
:10B7A00048E7184607F5D277BD46BDE8F08F4E460C
:10B7B0000020B54607F5D277BD46BDE8F08FFBF710
:10B7C000DFFCEE68824635E72846FBF7D9FC824667
:10B7D00096E743785A2B7FF4C8AE00234FF0010B55
:10B7E000CDE600BF20E400107A6800200021C7F8F1
:10B7F0005031C7F858214E463A6887F85431C7F897
:10B800007031C7F88C31FB60C7F85C21C7E964016F
:10B81000514607F15000C7E95F33C7E96133C7E913
:10B820005833C7E95D33C7E95A33F9F7DBFAD7F87C
:10B830006C11FB68B1F5006F01DAC7F86C31D7F80D
:10B8400088116D46D7F8943100240129524601FB36
:10B8500003F307F15000B8BF0121012BA5EBC10193
:10B860008D464FF01101EC46C7E96534B8BF01239E
:10B87000ACEBC3039D46C7F880C1C7F88CD1FEF777
:10B88000B1FE07F15000D7F85011AD464454D7E946
:10B8900056329847D7F86801B546B0FA80F04009AB
:10B8A00088E7EB681B78D2E6492A03D003464FF0BD
:10B8B000030B64E64FF0020B61E600BF70B514465F
:10B8C000127884B00346012A08D9A2F13201B1FAF4
:10B8D00081F149090E4609B9062A3BD16268012A5D
:10B8E00033DCD3F81C11B1F5806F2EDC0125D3F8C1
:10B8F0002C11013202A80193626022460391D3F811
:10B900001C11C3F82C01184601310294C3F81C1114
:10B910001121FBF72FFF6268019B013A0399C3F8DD
:10B920002C116260D3F81C21013AC3F81C217DB9A7
:10B93000D3F80011FF2924D0481C2922C3F80001A4
:10B940005A5483F8042104B070BD0122C3F81821B1
:10B9500004B070BDD0F80021FF2A25D0511CC0F8DA
:10B9600000112820985483F804016268012A04DC3D
:10B97000D3F81C01B0F5806F36DD0122C3F8182121
:10B98000D8E70024D3F80C211846D3F8085183F8DF
:10B99000FF400193A847019B01202146D3F82821AD
:10B9A0000244C3F82821C8E7114680F8FF600190DF
:10B9B000D0E94252A847019B2821D3F828211970C9
:10B9C000013283F804110121C3F82821C3F80011C2
:10B9D00062688A4204DCD3F81C01B0F5806F03DD95
:10B9E000C3F818110121A7E7354680E72DE9F84F84
:10B9F000D368DB681B681978662963D1126907462A
:10BA0000D0F82411D2E903248A46914622783D2AAF
:10BA10004FF0FF3208BFD4E90345C0F8242118BF16
:10BA200000255B786C2B00F097804ED84C2B02D011
:10BA3000522B40F0D780D7F80011FF2900F0FD808D
:10BA40004B1CC7F800312823224638467B5411216D
:10BA500087F80431A846FFF731FF11214A463846DE
:10BA6000FFF738FD7C4DD7F800110AE02546591C38
:10BA7000C7F80011FE54794B87F80461AB4200F01F
:10BA8000B6802C46FF290B4614F8016BEED14FF01F
:10BA900000033846023587F8FF30D7E9423298472D
:10BAA00001233E70C7F80031D7F8283187F80461C8
:10BAB0000133C7F82831694BA34200F098802678FB
:10BAC0000123D4E70020BDE8F88F722B40F08A8074
:10BAD000D0F80011FF2900F0A2804B1CC7F80031FC
:10BAE0002823224638467B54112187F80431FFF77A
:10BAF000E5FE11214A463846FFF7ECFC584ED7F8D0
:10BB0000001109E02646591CC7F80011FD54554B99
:10BB100087F80451B34265D03446FF290B4614F828
:10BB2000015BEFD14FF000033846023687F8FF3053
:10BB3000D7E94232984701233D70C7F80031D7F862
:10BB4000283187F804510133C7F82831454BA34207
:10BB500048D025780123D6E7D0F80011A346424EFD
:10BB6000DFF8088108E0A846591C4645C7F80011CF
:10BB7000FC5487F8044120D04546FF290B4615F8B0
:10BB8000014BF0D14FF00003384608F1020887F866
:10BB9000FF30D7E9423298470123B5423C70C7F8DD
:10BBA0000031D7F8283187F8044103F10103C7F8C1
:10BBB000283102D02C780123D6E74A461121384695
:10BBC000FFF788FC5A4611213846FFF777FED7F871
:10BBD0000011FF2912D04A1C2923C7F800217B54E9
:10BBE00087F804310120C7F824A1BDE8F88F4A4640
:10BBF00011213846FFF76EFC4246E4E70024D7F8EF
:10BC00000831D7F80C21384687F8FF409847D7F815
:10BC10002831012221461344C7F82831DCE70025EA
:10BC2000D0E9423280F8FF509847D7F828312946AA
:10BC30000133C7F82831012350E700263846D7E9F9
:10BC4000423287F8FF609847D7F8283131460133F0
:10BC5000C7F828310123F4E69CE600109FE60010A7
:10BC6000D4E70010D8E70010D0E70010CCE70010B0
:10BC70002DE9F843137803F0FD03392B07D1D3687E
:10BC8000DB68D3F8008098F80030642B02D00020E5
:10BC9000BDE8F88398F801C00CF0DF03582B07D0FB
:10BCA000ACF16903B3FA83F35B090BB91846EFE70C
:10BCB0001369BCF1690F0746D0F80011D3E90354AA
:10BCC0003ED0FF2900F08B804B1CC7F800315B236E
:10BCD0007B5487F804312A4611213846FEF782FC4E
:10BCE00098F80130582B40D0692B0BD0D7F80011B1
:10BCF000FF2900F093804A1C5D23C7F800217B5484
:10BD000087F80431237803F0FD03392B05D1E3686C
:10BD1000DB681B681A78642A1AD0D7F80011FF294B
:10BD20006BD04A1C3D23C7F80021384622467B547D
:10BD3000112187F80431FFF7C1FD0120BDE8F88328
:10BD4000FF297CD04B1CC7F800312E237B54C0E761
:10BD50005B7803F0DF02582A01D0692BDDD122463F
:10BD600011213846FEF73EFCE7E7A146D7F800115F
:10BD70003A4C09E03446591CC7F80011FD54384BC1
:10BD800087F804519C421FD02646FF290B4616F81F
:10BD9000015BEFD14FF000033846023487F8FF30E3
:10BDA000D7E94232984701233D70C7F80031D7F8F0
:10BDB000283187F804510133C7F82831284BB342A2
:10BDC00002D035780123D6E7D9F80C201121384666
:10BDD000FEF708FCD9F8104098F8013084E70023FA
:10BDE000D0E9426280F8FF30B047D7F8283100210F
:10BDF0000133C7F82831012367E70025D7F8083158
:10BE0000D7F80C21384687F8FF509847D7F82831E3
:10BE1000012229461344C7F8283183E70025D7F8C3
:10BE20000831D7F80C21384687F8FF509847D7F8E3
:10BE30002831012229461344C7F828315CE7002342
:10BE4000D0E9426280F8FF30B047D7F828310021AE
:10BE50000133C7F82831012375E700BFDCE7001084
:10BE6000E1E7001000283DD009B1002A3AD0F0B532
:10BE70000D4687B00021144602AA1E46CDE90211E4
:10BE8000CDE904112649FFF765FB029900283BD054
:10BE9000059BD3B1002940D00127002D30D00846A2
:10BEA000019101F063FA23680199984221D2421C62
:10BEB000284602F045F90198F5F7ACFD29460EB188
:10BEC00000233360084607B0F0BD049F0029E4D189
:10BED00026B1012F1DD14FF0FF33336000210846FA
:10BEE00007B0F0BD13B16FF002021A6000210846DE
:10BEF000704728460191F5F78DFD01992760DEE72F
:10BF0000002CDCD02760DAE70846F5F783FD002E29
:10BF1000E4D06FF001033360E0E7002EDBD1DDE712
:10BF2000454F00100378472B17D143784E2B14D17F
:10BF30008378552B11D1C378432B0ED10379432B32
:10BF40000BD143792B2B08D183792B2B05D1C079C9
:10BF500001288CBF0020012070470020704708B5E1
:10BF600050B10446F7F75CFE2046FFF7DBFF18B13F
:10BF700054F8140CF8F702FAF8F708FA2DE9F04F24
:10BF800083B00246FFF7CEFF38B1D2F828A00025D3
:10BF900052E90674D2E90C6905E00446012507461A
:10BFA0008146064682461046F7F73AFE0DB1F8F78D
:10BFB000F9F93846F8F7F2F9F7F732FE0DB1F8F76C
:10BFC000E5F9F7F7C7FED0F800804FEA960B002797
:10BFD00098F82730012B0CBFD8F8003008F178030F
:10BFE0000093BA451DDD07FB0BF359F8236009EBFD
:10BFF000830306B11E446B460022314608F120003F
:10C00000F7F74AFD08B1F8F743FA336801AA01903F
:10C0100030460D491E690123B04728430137C5B298
:10C02000DFE745B10420F7F791FC084B084A0649C1
:10C030000360F8F711FA2046F8F7A0F9F7F734FE95
:10C04000F7F732FEF7F722FDA0F2001008F3001018
:10C05000353D001008B5F7F781FE006830B190F863
:10C060002730012B01D100687838006808BD00BF77
:10C07000062008B501F026F80120F7F74BF800BFBD
:10C0800000B583B0034B014601AA186800F004F81C
:10C0900003B000BD5C2100202DE9F0431E4F83B0AA
:10C0A00080460E46914601F08FF93D684DB13378D8
:10C0B00034466BB13D2B0BD014F8013F43B13D2BFF
:10C0C000FAD1404601F086F9002003B0BDE8F083C4
:10C0D0003D2BF6D028680028F3D0A41B2246314619
:10C0E00000F0B6FF20B92B681A5D23443D2A04D026
:10C0F00055F8040F0028F1D1E3E73A684046019370
:10C10000AD1AAD10C9F8005001F064F9019B581C3C
:10C1100003B0BDE8F08300BF60230020024B01465E
:10C12000186800F00BB800BF5C210020024B0146EC
:10C13000186801F0ABB900BF5C21002001F10B03CE
:10C14000162B2DE9F04F804685B02CD8102922D827
:10C1500000F0C8FA18214FF0020E1022B64C21440C
:10C160004D68A1F10800854200F05F816A68404691
:10C1700022F00302D5E902412A44E1608C6005F116
:10C180000804516841F00101516000F0B1FA204605
:10C1900005B0BDE8F08F0C23C8F80030002420461D
:10C1A00005B0BDE8F08F002B23F00702F3DB9142CE
:10C1B000F1D8009200F096FA009AB2F5FC7FC0F038
:10C1C0009F81530A73D0042B00F26481930903F119
:10C1D000390E03F138064FEACE03974C2344A3F1FE
:10C1E00008055F68BD4207D10DE00028FB6880F2BA
:10C1F0000B819D421F4606D0796821F00301881A01
:10C200000F28F2DDB64623698C498B4200F0E980A5
:10C210005E6826F00306B11A0F2900F38381874870
:10C220000029C4E9040080F27081B6F5007F6768D8
:10C2300080F01081F108012076090131B04054F8F6
:10C240003150074304EBC10008386760C3E902506E
:10C2500044F83130EB604FEAAE0301269E40BE4207
:10C260002BD83E4206D12EF0030E76000EF1040EBE
:10C270003E42FAD004EBCE0AF14604EBCE07F96851
:10C280000CE048680B46C96820F0030CACEB0205D3
:10C290000F2D00F30C81002D80F222818F42F0D10E
:10C2A00009F10103083798079946E8D174E14FF482
:10C2B00000734FF0400E3F268FE7A768796821F0A2
:10C2C00003069642A6EB020002D30F2800F38B80F0
:10C2D0005B490820096810311144CDE9001200F0D3
:10C2E00059FF009903468246481E5D421844554B4B
:10C2F00005401868B0F1FF3F18BF2946404600913D
:10C3000000F028FF411C0546DDE9001200F02781FE
:10C3100007EB060C844500F22081DFF834910AF126
:10C32000FF3ED9F800000844C9F8000000F08381FE
:10C33000444B1B68013300F08881A5EB0C0C604472
:10C34000C9F8000015F00703CDE901299B4600F06C
:10C350003F81C3F1080005440AEB000C40466B180E
:10C3600003EA0E019A46ACEB010101EA0E031946FD
:10C37000009300F0EFFE421CDDE9012900F080810E
:10C38000411B009BD9F80000A7421944A56018443E
:10C3900041F00101C9F80000696016D00F2E40F28B
:10C3A0005781A6F10C01052621F0070C796801F0F0
:10C3B0000101BCF10F0F41EA0C01796007EB0C01A0
:10C3C000C1E9016600F2638169681F4B1E688642FD
:10C3D00038BF18601D4B1E68864200D218602F4679
:10C3E000BFE0676837E7BD1842F0010240F0010185
:10C3F00040467A60A56007F10804696000F078F9AA
:10C40000204605B0BDE8F08FBA68394407F108044A
:10C410004046D3609A604A6842F001024A6000F0E8
:10C4200067F9204605B0BDE8F08FCD68A9427FF4DA
:10C430009DAE0EF1020EE6E6481D0020501D0020C4
:10C4400074250020401D00206C2500207025002050
:10C4500044250020B6F5206F4FEA562077D31428E4
:10C4600000F2CC8000F15C015B30C90065186158B6
:10C47000083D8D4203D1A4E089688D4204D048680C
:10C4800020F00300B042F7D8CD68C3E90215AB60D5
:10C49000CB60E0E6142B71D9542B00F2B780130B5C
:10C4A00003F16F0E03F16E064FEACE0395E69E1878
:10C4B00042F001029F6840465A60874AF9608F60E7
:10C4C0000093C4E90466C6E9022245F001027260E5
:10C4D00043F80C5000F00CF9009B03F108045EE6F1
:10C4E0009C441C464046DCF8043043F00103CCF881
:10C4F000043054F8083FD9608B6000F0F9F84EE63C
:10C500004FEAD20E02F1080128E61E44404600938D
:10C51000726842F00102726000F0EAF8009B03F1D9
:10C5200008043CE69D1842F00102404600935A6020
:10C53000694AC4E90455C5E9022241F001026A6072
:10C54000995100F0D5F8009B03F1080427E6B009E3
:10C5500000F139013830C90088E7A74261D0A768E7
:10C56000796821F003019142A1EB020002D30F2868
:10C570003FF739AF404600F0BBF80FE603F15C0E21
:10C5800003F15B064FEACE0327E6514651F808391E
:10C590008B428A4640F09E801EF0030F0EF1FF3E54
:10C5A000F3D1636823EA060363607600711E994243
:10C5B00003D382E6760009F104091E42FAD0CE4682
:10C5C00058E68010012606FA00F0074367605CE732
:10C5D0006B18404603EA0E010393AAEB010101EA3E
:10C5E0000E031946009300F0B5FD431CDDE9012957
:10C5F0007FF4C6AE0398CDF800B0C1E654282AD81F
:10C60000300B00F16F016E30C9002FE7B3F5AA7F40
:10C610002AD8D30B03F1780E03F177064FEACE0345
:10C62000DBE5DFF8BC900AF1FF3ED9F800000844D2
:10C63000C9F800007CE615EA0E0F7FF479AE3144AC
:10C64000A56841F001016960BFE6244B1D6079E6F1
:10C6500001236B608EE7B0F5AA7F27D8F00B00F1BD
:10C6600078017730C90001E740F254518B4227D856
:10C67000930C03F17D0E03F17C064FEACE03ACE58B
:10C68000ABF1080100230AEB0100009378E607F103
:10C6900008014046CDE9002900F0F8FEA568DDF864
:10C6A00004906968D9F80000009A8EE640F254516F
:10C6B00088420BD8B00C00F17D017C30C900D5E672
:10C6C0004FF47E734FF07F0E7E2686E54FF47E7129
:10C6D0007E20CBE6636868E7501D0020401D0020E7
:10C6E00044250020014800F051BD00BF3C2500203A
:10C6F000014800F04DBD00BF3C25002070B588B05A
:10C7000002FB03F41546064603AA039107940C990D
:10C71000CDE904420122069210B1426B002A55D0A5
:10C720004A6EB1F90CC0D00713D51CF4005F31D1AB
:10C730004CF4005C22F40052A1F80CC04A6690044C
:10C740000FD5D40702D48B89980534D5002008B0C2
:10C7500070BD1CF4007F20D01CF4005FE8D0920470
:10C76000F1D405AA304601930C9100F093FF0C9987
:10C77000019B4A6E02F0010208B32AB98B899B051E
:10C7800002D4886D00F004FD079BE41AB4FBF5F0B9
:10C7900008B070BD9004D9D4E3E7886D01930C9183
:10C7A00000F0F4FC0C99019BB1F90CC04A6E1CF42A
:10C7B000005FC4D1BCE7886D00F0EAFCC6E712B99F
:10C7C0008A89920508D5184608B070BD019300F01B
:10C7D0001DFB019B0C99A3E7886D019300F0D8FC29
:10C7E000019B1846F0E700BF10B59C4682B0DFF809
:10C7F00018E013460A460146DEF80000CDF800C0F6
:10C80000FFF77CFF02B010BD5C210020024B0A46FE
:10C810000146186800F002B85C210020002900F0F1
:10C820009D802DE9F047174682B00C468046FFF701
:10C8300059FF07F10B03162B67D84FF0100C00229D
:10C840006346BB42C0F09C80002A40F0998054F8B7
:10C85000041CA4F1080521F0030262455FDABB481D
:10C8600005EB020E8068DEF80460704500F09080F1
:10C8700026F0010070444068C00765D426F0030626
:10C880009019604546DAC9070FD454F8080C291AE4
:10C890004868894620F0030006441644B44540F336
:10C8A000FA801618B44540F3D18039464046CDE9A8
:10C8B0000032FFF743FC0646DDE90032002800F0B5
:10C8C000238154F8041CA0F1080C21F00101294433
:10C8D000614500F0AA80043A242A00F2D880132A85
:10C8E00000F2A98003462246116819605168596018
:10C8F00092689A602146404600F0C8FD4046FFF726
:10C90000F7FE304602B0BDE8F08723F007039C46EF
:10C91000DA0F96E70246DEE90201C1608860D61AA6
:10C920006968A8180F2E01F001011AD81143696037
:10C93000436843F00103436026464046FFF7D8FEB4
:10C94000304602B0BDE8F087CE07AED454F8080CEC
:10C95000291A4868894620F00300A2E71146FFF72C
:10C96000EDBB194346F001066960E9184E600831D5
:10C97000436843F001034360404600F087FDDBE776
:10C980000C23C8F800300026304602B0BDE8F0871E
:10C9900026F0030E03F110060EEB0200B04280F207
:10C9A0009480C80781D454F8080C291A486889462D
:10C9B00020F0030086440EEB02018E428A463FF7C8
:10C9C00070AF043A4E46D9F80C1056F8080F242AD6
:10C9D000C160886000F2B280132A40F2AD80216805
:10C9E0001B2AC9F808106168C9F80C1000F2B08061
:10C9F000083409F110022168116061685160A16872
:10CA00009160AAEB030209EB0301504D404642F04E
:10CA10000102A9604A60D9F8042002F00102134320
:10CA2000C9F80430FFF764FE8AE750F8041C21F0CF
:10CA300003010A4473E723681B2A036063684360A9
:10CA400038D804F1080200F108034DE7043A4D46D6
:10CA5000D9F80C10242A55F8080FC160886022D834
:10CA6000132A1ED921681B2AC9F808106168C9F861
:10CA70000C103DD8083409F110022168116061687A
:10CA80005160A16891602C4632464D4647E72146E9
:10CA900001F022FB2EE7DEE90201043AC160886062
:10CAA000D5E72A46E9E721462846009301F014FB22
:10CAB000009BE8E7A368242A8360E368C36027D06B
:10CAC00004F1100200F110030EE7C21A1D441F49C1
:10CAD000404642F0010226468D606A6054F8042CFC
:10CAE00002F00102134344F8043CFFF701FE27E77C
:10CAF000A168242AC9F81010E168C9F8141010D0F0
:10CB0000103409F11802B8E74046FFF7F1FD3AE7A3
:10CB1000236904F1180203616369436100F118039A
:10CB2000E2E622691834C9F8182054F8042CC9F830
:10CB30001C2009F12002A0E732465CE7214630467E
:10CB4000009301F0C9FA009B5BE700BF481D00207D
:10CB5000A168242AC9F81010E168C9F8141003D09C
:10CB6000103409F1180246E722691834C9F8182070
:10CB700054F8042CC9F81C2009F120023BE700BF3F
:10CB80002DE9F04716461C4682460D460A46454B9F
:10CB9000114612F801EB13F80EC01CF0080CF7D187
:10CBA000BEF12D0F62D0BEF12B0F3AD0634634F0A8
:10CBB00010013DD04FF0FF37A146B7FBF4F704FB5F
:10CBC00007F86FEA0808002108460EE0AEF1370CBE
:10CBD00064451DDD013104D0B84202D832D1C445CC
:10CBE00030DD4FF0FF3112F801EBAEF1300CBCF14B
:10CBF000090FEDD9AEF1410CBCF1190FE6D9AEF138
:10CC0000610CBCF1190F03D8AEF1570C6445E1DC9F
:10CC10004C1C23D003B140420EB129BB3560BDE8A6
:10CC2000F08792F800E08A1C34F010016346C1D10D
:10CC3000BEF1300F1FD054B90A244FF005081A4F27
:10CC4000A146C0E709FB00C00121CCE714B31024C2
:10CC50004FF00F086FF07047A146B4E72223084653
:10CC6000CAF80030002EDAD0551ED7E792F800E05F
:10CC700001238A1C9BE7117801F0DF015829E5D1D7
:10CC8000102492F801E04FF00F0802326FF0704765
:10CC9000A14698E708244FF007086FF06047A146C7
:10CCA00091E700BFC5FC001099999919DFF810C0F1
:10CCB00013460A460146DCF80000FFF761BF00BFDB
:10CCC0005C210020024A0349034800F05DBE00BF1A
:10CCD0005021002059DA0010602100200C4B4168DF
:10CCE000994210B5044601D000F0B6FEA168094B88
:10CCF000994202D0204600F0AFFEE168064B99420F
:10CD000004D02046BDE8104000F0A6BE10BD00BF14
:10CD100078250020E0250020482600202DE9F84352
:10CD2000314A0025314C04233149DFF8D89004F111
:10CD30005C00DFF8D4802F4F2F4E11602946082267
:10CD400025606566C4E90335C4E90155C4E90555A4
:10CD500001F0CAF904F15800E662C4E90749C4E9E0
:10CD6000098700F00FFA254B2946082204F1C40078
:10CD700063672567C4F8CC50C4F88050C4E91A55DD
:10CD8000C4E91E5501F0B0F904F1680304F1C000D4
:10CD9000C4F88430C4E92298C4E9247600F0F2F99A
:10CDA000174B294604F596700822C4F8DC30C4F805
:10CDB000D850C4F83451C4F8E850C4E93455C4E933
:10CDC000385501F091F904F1D00304F59470C4F8DA
:10CDD000F090C4F8FC60C4F8EC30C4E93D87BDE8CD
:10CDE000F84300F0CFB900BFB0260020782500201E
:10CDF000C5CC001025DD00104DDD0010090001003C
:10CE000012000200C1DC0010E5DC001010B5044681
:10CE10000A4800F0BBF9636B23B9094B094A1B6848
:10CE2000626323B10548BDE8104000F0B1B9FFF7D7
:10CE300075FF0248BDE8104000F0AAB94025002067
:10CE4000B0260020DDCC0010014800F09FB900BFE3
:10CE500040250020014800F09BB900BF402500207C
:10CE6000184B1B6830B5054683B00C460BB15A6BA6
:10CE700012B3626ED20702D4A289900516D522465B
:10CE80002946184600F0A2FD626E0346D10702D47F
:10CE9000A289920502D5184603B030BD0190A06D5D
:10CEA00000F076F9019B184603B030BDA06D0193E8
:10CEB00000F06CF9019BE2E718460193FFF7A6FF2B
:10CEC000019BD6E75C21002030B587B005460846B7
:10CED0001446019100F04AFA01AA01230590049337
:10CEE000CDE9020215B16B6B002B3AD0636EB4F939
:10CEF0000C20D80718D591041FD442F4005223F413
:10CF00000053A281636699042FD4284603AA2146C0
:10CF100000F0C0FB636E0546DA0702D4A3899B05C7
:10CF200010D5284607B030BD900511D59104E4D541
:10CF30009B04EAD54FF0FF35F0E79B04E5D54FF0B1
:10CF4000FF35EEE7A06D00F023F9284607B030BDAD
:10CF5000A06D00F01BF9B4F90C20636E9004D2D4DC
:10CF6000CBE72846FFF752FFC0E74FF0FF35D3E786
:10CF7000024B0A4601461868FFF7A6BF5C21002055
:10CF800011F0FF01034600F003023AD092BB01EB1F
:10CF90000123026803EB034310B583EA020C1C462D
:10CFA000A2F1013323EA0203ACF1013222EA0C02BE
:10CFB000134313F0803F0FD150F804CF8CEA040ED6
:10CFC000ACF10133AEF1013223EA0C0322EA0E0286
:10CFD000134313F0803FEFD0037823B936E010F805
:10CFE000013F002B32D09942F9D110BD8A4228D09E
:10CFF0009A0729D01A7818460133002AF6D110462C
:10D000007047CAB90268A2F1013323EA020313F0A0
:10D01000803F08D150F8042FA2F1013323EA020324
:10D0200013F0803FF6D003785BB110F8013F002B7E
:10D03000FBD17047990705D01A7818460133002AAA
:10D04000F8D170471846DDE71846A0E7184610BD2E
:10D0500082B340EA01039B0730B504468E4617D1E0
:10D06000032A07D814E0043A22D01CF0803F1FD1D5
:10D07000032A23D923687146DEF800502046A3F125
:10D08000013C0434AB420EF1040E2CEA030CEAD04E
:10D0900003780C78A3420FD1013A024406E03BB179
:10D0A00010F8013F11F8014FA34205D19042F6D18B
:10D0B000002030BD10467047181B30BD2046714619
:10D0C000E6E700BF174B1F2810B51C6882B023D8B5
:10D0D000D4F8F811024671B151F820305BB1012B40
:10D0E00006D0B3F1FF3F12D0002441F8204098470A
:10D0F000002002B010BD2046019200F029F8019AEC
:10D100000146204602B0BDE8104000F00DB81623DD
:10D110000120236002B010BD16234FF0FF302360C2
:10D12000E7E700BF5C21002038B50023074C054627
:10D13000084611462360F6F709F8431C00D038BDB5
:10D140002368002BFBD02B6038BD00BF04270020D4
:10D15000F5F7FABF38B50023064C054608462360AC
:10D16000F5F7DCFF431C00D038BD2368002BFBD053
:10D170002B6038BD04270020014B1868704700BFA2
:10D180005C210020704700BF704700BF704700BFA0
:10D19000704700BF082802D14FF48050704708B58F
:10D1A000FFF7EAFF162203464FF0FF301A6008BD72
:10D1B00080EA010C1CF0030F37D110F0030C20F0B3
:10D1C000030021F0030150F8042B08BF51F8043B81
:10D1D0000ED08CF0030C6FF07F434FEACC0C23FA97
:10D1E0000CFC51F8043B42EA0C0243EA0C0300BF7A
:10D1F000A2F1013C9A4201BF2CEA020C1CF0803FD4
:10D2000050F8042B51F8043BF2D04FEA02604FEA89
:10D210001222012828BFB0EB036F08BF1B0AF4D00D
:10D2200003F0FF03000EC01A704710F0030F0AD07E
:10D2300010F8012B11F8013B012A28BF9A42F4D0C3
:10D24000A2EB0300704720B450F8042B01F0030553
:10D2500021F0030151F8043B022D27D04ED800BF26
:10D2600022F07F45B5EB132FA2F1013C2CEA020C12
:10D270000DD11CF0803C08BF51F8043B0AD185EA6F
:10D280000205B5EB036F0CD150F8042BE8E74FEA29
:10D2900013235BE03CF07F4C54D10B784FEA1265CE
:10D2A00054E04FEA126503F0FF034FE04FEA0245F6
:10D2B000A2F1013C4FEA15452CEA020CB5EB134FE5
:10D2C00018D11CF0803C08BF51F8043B07D185EA17
:10D2D0000205B5EB034F09D150F8042BE6E75FEAEE
:10D2E0000C4C2FD10B884FEA12452FE04FEA034335
:10D2F0004FEA12454FEA134328E000BF02F0FF0552
:10D30000B5EB136FA2F1013C2CEA020C0DD11CF01D
:10D31000803C08BF51F8043B0AD185EA0205B5EB11
:10D32000032F0AD150F8042BE8E74FEA13630DE00E
:10D3300012F0FF0F06D051F8043B4FEA122523F0FC
:10D340007F4303E04FF0000020BC704705F0FF0270
:10D3500003F0FF00012828BF904204BF2D0A1B0ADA
:10D36000F4D0A2EB000020BC704700BF20F0030106
:10D3700010F00300C0F1000051F8043B00F1040C70
:10D380004FEACC0C6FF000021CBF22FA0CF21343E0
:10D390004FF0010C4CEA0C2C4CEA0C4CA3EB0C02A9
:10D3A00022EA030212EACC1204BF51F8043B043013
:10D3B000F4D0C2F1000102EA0102B2FA82F2C2F133
:10D3C0001F0200EBD20070470148FFF7DFBE00BF2D
:10D3D000382500200148FFF7DBBE00BF38250020BC
:10D3E000F8B5064608200C46FFF7D4FE074630463F
:10D3F000FFF778F9224A93685D6825F00305A5F1E7
:10D4000011031C1B3C44B4FBF7F4013C07FB04F480
:10D41000A74208DC00213046FFF79CFE184A9368BB
:10D420002B44984204D03046FFF762F90020F8BD43
:10D4300061423046FFF78EFE0130114A0DD02D1BA0
:10D4400010499368304645F001055D600B681B1B71
:10D450000B60FFF74DF90120F8BD00213046FFF7C2
:10D4600079FE074A9268831A0F2BDCDD43F0010333
:10D4700004495360044B1B68C01A0860D3E700BF1F
:10D48000481D002044250020401D0020002962D0B6
:10D490002DE9F0410C460746FFF724F97A4954F884
:10D4A00004ECA4F1080C8D682EF001030EF00106C7
:10D4B0000CEB03025068954220F0030000F08780D7
:10D4C000151850606D6805F00105A84696BB54F824
:10D4D000084C01F1080EACEB040C2344DCF80840C6
:10D4E000744567D0DCF80C50E560AC60B8F1000F13
:10D4F00000F0888043F00100CCF804001360B3F51D
:10D50000007F32D25809DA0801238340486801328B
:10D51000034351F832004B6001EBC203083BCCE9F6
:10D52000020341F832C0C0F80CC03846BDE8F041F3
:10D53000FFF7DEB885B9034401F1080E906843F0A7
:10D540000104704577D0D268C2609060CCF8044086
:10D550004CF80330D3E770474EF00102B3F5007F7B
:10D5600044F8042C4CF80330CCD3B3F5206F4FEAC9
:10D57000532249D29A0902F1390002F13804C2005B
:10D5800088188A580838904203D15DE0926890422A
:10D5900004D0516821F003019942F7D8D068CCE952
:10D5A0000220C0F808C03846C2F80CC0BDE8F041FF
:10D5B000FFF79EB89DBB1844D2E90223D3609A605E
:10D5C00040F00103CCF804304CF80000ADE71844FB
:10D5D00046B954F8083CACEB030C1844DCE90223D0
:10D5E000D3609A6040F00103CCF80430274BC1F8B7
:10D5F00008C01B68834298D8254B38461968FFF746
:10D60000EFFE92E7034499E7142A0ED9542A22D850
:10D610001A0B02F16F0002F16E04C200B0E743F092
:10D620000101CCF8041013607FE702F15C0002F105
:10D630005B04C200A4E7C1E904CCCCE902EECCF85B
:10D6400004404CF8033070E7A4100123A3404C6859
:10D6500023434B60A3E7B2F5AA7F06D8DA0B02F1A9
:10D66000780002F17704C2008AE740F25450824207
:10D6700006D89A0C02F17D0002F17C04C2007FE71B
:10D680004FF47E727E247BE7481D0020441D00205D
:10D69000742500209368002B00F0B180B1F90CC014
:10D6A0001CF0080F2DE9F04F0C4683B0804617465A
:10D6B00026D00B6923B31CF002033E682CD04FF038
:10D6C000000ADFF8C0B2B94655465D452B465246C2
:10D6D000404628BF5B46002D7FD0E169676AB847A6
:10D6E000002840F38480D9F8083082442D1A1B1A90
:10D6F000C9F80830002BE8D1002003B0BDE8F08F56
:10D700002146404600F080FB002875D1B4F90CC0DA
:10D710003E681CF00203D2D11CF0010A71D12368CB
:10D7200055460097002D54D01CF4007FD4F8089083
:10D73000184600F0AE80A945CB4600F2E8801CF404
:10D74000906F33D02169A3EB0109636913EB4303A5
:10D7500048BF01334FEA630B09F101032B445A46DA
:10D760005B4501D99B461A461CF4806F00F0EE80A1
:10D7700011464046FEF7E2FC002800F0FC804A46D5
:10D780002169019000F0DCFCA289019B22F49062E7
:10D7900042F08002A28103EB09002361C4F814B0B7
:10D7A000ABEB0903A946AB46A360206051465A463D
:10D7B00000F092FCA2680099A2EB09022368A26023
:10D7C0005B448A682360521B8A60002A94D0B4F9B3
:10D7D0000CC0D6E900A50836A4E7D6E900A50836AE
:10D7E00073E72146404600F033FA00282ED0B4F902
:10D7F0000C3043F04003A3814FF0FF307DE7002061
:10D8000070471D469A461846B9460093002D2DD004
:10D81000002832D05246A168AA426369206828BF16
:10D820002A4603EB010B2169884201D95A457EDC67
:10D8300093426FDC009A4046E169676AB847B0F1ED
:10D84000000BD4DDBAEB0B0ACBD00120D9F808309D
:10D85000A3EB0B03C9F80830002B3FF44DAF009B3E
:10D86000A5EB0B055B440093002DD1D175683346C1
:10D870000836002DFAD01B680093009F2A460A2123
:10D88000384600F019FC002872D00130A0EB070ADE
:10D89000C0E722699A4222D36269AA421FD86FF078
:10D8A0000043E1694046676AAB4228BF2B4693FBC1
:10D8B000F2F302FB03F35246B847B0F1000996DDDC
:10D8C000009AA5EB09059368A3EB09039360002B6D
:10D8D0003FF412AFCA44B4F90CC0236822E7A9454B
:10D8E0001846514628BFA9464A4600F0F5FBA268F3
:10D8F0002368A2EB09024B44A2602360002ADFD117
:10D900002146404600F0A4F90028D9D06FE7A94687
:10D91000AB464BE70099019200F0DEFB019AA36849
:10D9200093469B1AA3602368134423608AE70099F7
:10D930005A4600F0D1FB2368214640465B442360F1
:10D9400000F086F900283FF47DAF50E74046FEF72F
:10D9500065FF034600287FF41EAF21694046FFF7AC
:10D9600095FDA3890C2223F08003C8F8002040E72E
:10D970006A1C92464FE70C22B4F90C30C8F800201C
:10D9800037E700BF00FCFF7F2DE9F84307468846D4
:10D990004FF0000916467568013D10D4B468A3899C
:10D9A000012B08D9B4F90E3021463846013302D094
:10D9B000C04749EA0009013D68346B1CEFD1366865
:10D9C000002EE8D14846BDE8F88300BF10B50446F4
:10D9D00082B010B1436B002B36D0536EDB0702D4FC
:10D9E0009389980522D593685FFA81FC013B002B4F
:10D9F000936005DA9069834211DBBCF10A0F0ED007
:10DA000013686446591C116083F800C0536ED9072F
:10DA100002D493899B0511D5204602B010BD204643
:10DA2000009200F097F9009A0446EFE7906D01919B
:10DA30000092FFF7ABFBDDE90021D4E7906DFFF723
:10DA4000A7FB204602B010BDCDE90012FFF7DEF9BA
:10DA5000DDE90012C1E700BF70B5002941D00646DC
:10DA60000C4610B1436B002B3ED0FFF7EDF9636E0F
:10DA7000B4F90C20DD0730D4900538D52146304666
:10DA800000F04CF8E36A054633B1E1693046984747
:10DA90000028B8BF4FF0FF35A3891A0639D4216B8F
:10DAA00041B104F14003994202D03046FFF7EEFC49
:10DAB00000232363616C21B13046FFF7E7FC0023AC
:10DAC0006364636E0022DB07A2811ED5A06DFFF7A1
:10DAD0005BFBFFF7BFF9284670BD002ACED1FFF7E8
:10DAE000B9F90025284670BDFFF790F9BDE7A06D94
:10DAF000FFF74CFBB4F90C30002BBFD1636ED90794
:10DB0000EDD4A06DFFF744FBE9E7A06DFFF740FB04
:10DB1000DCE721693046FFF7B9FCC0E7B1F90C201A
:10DB20002DE9F041804610070C4650D4496842F474
:10DB300000630029A38164DDA66A002E44D0002181
:10DB400012F48052D8F80050C8F8001065D1E1698D
:10DB500001234046B047411C02466CD0B4F90C305A
:10DB6000A66A5B0705D56368D21A236B0BB1E36B1A
:10DB7000D21A0023E1694046B047471CB4F90C3083
:10DB80004DD1D8F800101D2940D8304ACA40D607D8
:10DB90003CD523F40062D904A2814FF000026260F8
:10DBA0002269226003D5D8F80030002B41D0216BC8
:10DBB000C8F8005041B104F14003994202D04046F8
:10DBC000FFF764FC002323630020BDE8F0810E69A9
:10DBD000002EF9D092070D680E600CBF4B69002330
:10DBE000AD1B8B600AE02B463246E1694046676A0E
:10DBF000B8470028A5EB0005064406DD002DF2DC41
:10DC0000E2E7E16B002997DCDEE7A38943F04003FC
:10DC10004FF0FF30A381BDE8F081226DA1E723F42E
:10DC20000062DB04A2814FF0000262602269226080
:10DC3000BDD52065BBE7D8F80030002B8ED01D2B5A
:10DC400001D0162BE1D1C8F80050BDE701004020FB
:10DC500000B5034683B008B1426B52B3B1F90C0072
:10DC600098B14A6ED20701D4820512D518460091A8
:10DC7000FFF754FF009903464A6ED00702D48A8901
:10DC800092050ED5184603B000BD0346184603B0F2
:10DC900000BD886D01930091FFF778FADDE900136C
:10DCA000E4E7886D0093FFF773FA009B184603B012
:10DCB00000BDCDE90001FFF7A9F8DDE90031CDE7AE
:10DCC00010B50C46B1F90E1000F032F9002803DB54
:10DCD000236D0344236510BDA38923F48053A381DE
:10DCE00010BD00BF2DE9F0411F46B1F90C301646BA
:10DCF0000C46DA0505460BD423F4805132463B46E8
:10DD00002846A181B4F90E10BDE8F04100F024B915
:10DD100002230022B1F90E1000F0F6F8B4F90C302D
:10DD2000EAE700BF10B50C46B1F90E1000F0ECF8B0
:10DD3000421CB4F90C3004D043F480532065A38115
:10DD400010BD23F48053A38110BD00BFB1F90E10A4
:10DD500000F0C8B830B5054683B00C4610B1436B2F
:10DD6000002B4CD09169B2F90C30916019071FD586
:10DD70001169E9B19804516E26D5890431D411682E
:10DD800013695069CB1A98422EDD0133906801382F
:10DD90009060481C10600C70E4B2516999421AD02E
:10DDA0000A2C02D19389DB0715D4204603B030BD7D
:10DDB00011462846019200F027F890B9019AB2F96D
:10DDC0000C30516E9804D8D443F4005321F4005120
:10DDD00093815166D1E711462846FFF739FF0028A5
:10DDE000E3D04FF0FF34E0E7114628460192FFF7F9
:10DDF0002FFF0028F5D1019A01231168C6E701928F
:10DE0000FFF704F8019AADE7354A0B4610B5044612
:10DE1000106882B010B1426B002A53D0B3F90C20C5
:10DE2000110711D51869C8B1B3F90C2012F001011E
:10DE300026D059694FF0000C4942C3F808C09961D7
:10DE400020B3002002B010BDD00640D5510723D426
:10DE5000186942F008029A810028E5D19A8902F4F3
:10DE60002072B2F5007FDFD019462046019300F002
:10DE700087F8019BB3F90C20186912F00101D8D181
:10DE8000940758BF596999600028DAD11106D9D58D
:10DE900042F040029A811FE0196B61B103F140002A
:10DEA000814206D020460193FFF7F0FA019BB3F9B7
:10DEB0000C20002119630021186922F02402C3E913
:10DEC0000001C6E70191FEF7A1FF019BA6E709212A
:10DED00042F0400221609A814FF0FF30B2E700BF6C
:10DEE0005C21002038B50023064C05460846236017
:10DEF000F5F74EF9431C00D038BD2368002BFBD04A
:10DF00002B6038BD0427002038B5084C054608466C
:10DF100011461A4600232360F5F73EF9431C00D052
:10DF200038BD2368002BFBD02B6038BD04270020B0
:10DF300038B5084C0546084611461A4600232360AA
:10DF4000F5F708F9431C00D038BD2368002BFBD03F
:10DF50002B6038BD0427002038B5084C054608461C
:10DF600011461A4600232360F5F702F9431C00D03E
:10DF700038BD2368002BFBD02B6038BD0427002060
:10DF8000B1F90C20930706D501F1430301220B6080
:10DF9000C1E9043270470B46B1F90E10002930B5C3
:10DFA000044699B032DB02AA009300F05DF8002825
:10DFB000009B29DB4FF4806120460093039DFEF710
:10DFC000BDF8009BB3F90C2000283BD005F470414C
:10DFD00042F0800218601861B1F5005F4FF4806074
:10DFE0009A8158613CD1B3F90E102046009300F09D
:10DFF0004FF8009BB3F90C2090B322F003024FF4CA
:10E00000006C42F0010218E0B3F90C2012F0800F0E
:10E01000204601930CBF4FF4806140210091FEF730
:10E020008DF8019B0099B3F90C2058B142F08002A1
:10E030004FF0000C1860C3E9040142EA0C029A8117
:10E0400019B030BD9105FBD422F0030203F1430166
:10E05000012042F002021960C3E904109A81EFE73F
:10E060004FF4006CE9E700BF38B50023074C0546C4
:10E07000084611462360F5F793F8431C00D038BDDD
:10E080002368002BFBD02B6038BD00BF0427002085
:10E0900038B50023064C054608462360F5F784F89A
:10E0A000431C00D038BD2368002BFBD02B6038BD4B
:10E0B00004270020000000005FF800F0711B002022
:10E0C0005FF800F0E51800205FF800F01519002057
:10E0D0005FF800F0191500205FF800F0C519002066
:10E0E0005FF800F0450D00205FF800F0E91A00200D
:10E0F0005FF800F0351900205FF800F0ED0C00200B
:10E100005FF800F0211900205FF800F0E905002019
:10E110005FF800F03B1900205FF800F0F90C0020D8
:10E120005FF800F0451900205FF800F0F1010020D1
:10E130005FF800F0D91400205FF800F0F914002017
:10E140005FF800F0051C00205FF800F0E90C0020EB
:10E150005FF800F0290200205FF800F03905002088
:10E16000251500109D140010CD140010B5150010D9
:10E1700005150010251400104D1500101114001085
:10E180009D09001051150010250D00106D14001090
:10E1900039150010E914001099080010C10800108A
:08E1A000AD0400109D390010D0
:10E1A80062617369635F737472696E673A20636F43
:10E1B8006E737472756374696F6E2066726F6D200A
:10E1C8006E756C6C206973206E6F742076616C6953
:10E1D8006400000044000000450000004600000004
:10E1E8004100000047000000756E6F72646572653B
:10E1F800645F6D61703A3A6174000000420000008B
:10E20800430000000A2A2A2A2050414E4943202A66
:10E218002A2A0A00486172647761726520616C611C
:10E22800726D20256420616C726561647920636C6D
:10E2380061696D65640000004861726420617373F0
:10E24800657274004F7574206F66206D656D6F720E
:10E258007900000052656C6561736500626F6F74C8
:10E26800325F77323571303830000000322E332E6D
:10E27800300000007069636F32000000626C696EE4
:10E288006B0000004175672032382032303236008A
:10E29800666E692B00000000666E69006E616E0094
:10E2A800666E692D0000000062617369635F7374B4
:10E2B80072696E673A3A5F4D5F63726561746500B3
:10E2C8007374643A3A6261645F616C6C6F630000F6
:10E2D8007374643A3A6261645F61727261795F6E05
:10E2E80065775F6C656E677468000000474C49424B
:10E2F8004358585F54554E41424C45530000000066
:10E308006F626A5F73697A65000000006F626A5F16
:10E31800636F756E74000000676C69626378782EAD
:10E3280065685F706F6F6C007374643A3A62616419
:10E338005F657863657074696F6E00007465726DEF
:10E34800696E6174652063616C6C656420726563D5
:10E358007572736976656C790A0000007465726D70
:10E36800696E6174652063616C6C656420616674B4
:10E378006572207468726F77696E6720616E2069B4
:10E388006E7374616E6365206F662027000000005D
:10E39800270A00007465726D696E61746520636197
:10E3A8006C6C656420776974686F757420616E2081
:10E3B80061637469766520657863657074696F6EEA
:10E3C8000A00000020207768617428293A2020007C
:10E3D80062617369635F737472696E673A3A5F5317
:10E3E8005F636F6E737472756374206E756C6C20E6
:10E3F8006E6F742076616C696400000062617369F5
:10E40800635F737472696E673A3A5F535F637265EC
:10E4180061746500256400005F474C4F42414C5FC2
:10E428000000000028616E6F6E796D6F7573206E45
:10E43800616D657370616365290000006175746FB3
:10E44800000000006465636C7479706528617574F8
:10E458006F290000737472696E67206C6974657245
:10E46800616C0000737464006465636C7479706532
:10E47800286E756C6C707472290000005B616269AB
:10E488003A0000002C2000003A3A00007B646566E0
:10E4980061756C7420617267230000007D3A3A0050
:10E4A8006175746F3A00000074656D706C61746515
:10E4B80020706172616D65746572206F626A656350
:10E4C8007420666F72200000696E697469616C69F6
:10E4D8007A657220666F72206D6F64756C652000B6
:10E4E800767461626C6520666F7220005654542001
:10E4F800666F722000000000636F6E73747275633C
:10E5080074696F6E20767461626C6520666F722024
:10E51800000000002D696E2D000000007479706500
:10E52800696E666F20666F722000000074797065EE
:10E53800696E666F206E616D6520666F72200000DF
:10E5480074797065696E666F20666E20666F7220DA
:10E55800000000006E6F6E2D7669727475616C2014
:10E568007468756E6B20746F20000000636F7661AD
:10E578007269616E742072657475726E2074687544
:10E588006E6B20746F2000006A61766120436C61B5
:10E59800737320666F7220006775617264207661FC
:10E5A800726961626C6520666F722000544C53205A
:10E5B800696E69742066756E6374696F6E20666F24
:10E5C80072200000544C532077726170706572207D
:10E5D80066756E6374696F6E20666F722000000046
:10E5E8007265666572656E63652074656D706F72BD
:10E5F800617279202300000068696464656E206197
:10E608006C69617320666F72200000006E6F6E2D5A
:10E618007472616E73616374696F6E20636C6F6E80
:10E628006520666F722000006F70657261746F728A
:10E63800000000006F70657261746F722000000046
:10E648003E280000636C00006978000071750000C6
:10E65800203A20006E65772000000000756C0000ED
:10E668006C6C0000756C6C0066616C736500000072
:10E6780074727565000000006A61766120726573C6
:10E688006F757263652000006465636C74797065EA
:10E69800202800002E2E2E007468697300000000E8
:10E6A8007B7061726D230000676C6F62616C206320
:10E6B8006F6E7374727563746F7273206B657965AE
:10E6C8006420746F20000000676C6F62616C2064C6
:10E6D800657374727563746F7273206B65796564A2
:10E6E80020746F20000000007B6C616D6264610023
:10E6F800292300007B756E6E616D656420747970E6
:10E7080065230000205B636C6F6E652000000000CD
:10E718005B667269656E645D0000000074797065FF
:10E728006E616D650000000074656D706C617465E4
:10E738000000000020636C61737300002072657133
:10E74800756972657320000020726573747269635D
:10E758007400000020766F6C6174696C65000000BD
:10E7680020636F6E73740000207472616E7361634E
:10E7780074696F6E5F73616665000000206E6F6577
:10E788007863657074000000207468726F77000009
:10E7980026260000205F436F6D706C6578000000CE
:10E7A800205F496D6167696E617279003A3A2A00A3
:10E7B800205F5F766563746F722800007468697300
:10E7C80020000000282E2E2E000000002E2E2E29BC
:10E7D80000000000202E2E2E2000000024540000EF
:10E7E800244E0000245454007374643A3A616C6CEB
:10E7F8006F6361746F720000616C6C6F6361746F3A
:10E80800720000007374643A3A62617369635F73FB
:10E818007472696E6700000062617369635F737484
:10E8280072696E67000000007374643A3A73747218
:10E83800696E67007374643A3A62617369635F73FF
:10E848007472696E673C636861722C207374643AF1
:10E858003A636861725F7472616974733C6368617A
:10E86800723E2C207374643A3A616C6C6F63617405
:10E878006F723C636861723E203E00007374643AB4
:10E888003A6973747265616D000000007374643ACC
:10E898003A62617369635F6973747265616D3C6341
:10E8A8006861722C207374643A3A636861725F74A9
:10E8B80072616974733C636861723E203E000000B7
:10E8C80062617369635F6973747265616D000000EA
:10E8D8007374643A3A6F73747265616D0000000076
:10E8E8007374643A3A62617369635F6F73747265D3
:10E8F800616D3C636861722C207374643A3A636892
:10E9080061725F7472616974733C636861723E20FE
:10E918003E00000062617369635F6F7374726561C2
:10E928006D0000007374643A3A696F7374726561BC
:10E938006D0000007374643A3A62617369635F69D9
:10E948006F73747265616D3C636861722C207374B7
:10E95800643A3A636861725F7472616974733C63A4
:10E968006861723E203E000062617369635F696F8F
:10E9780073747265616D0000614E0000263D0000F1
:10E98800615300003D000000616100006164000007
:10E9980026000000616E0000616C69676E6F66207A
:10E9A8000000000061770000636F5F617761697440
:10E9B80020000000617A000063630000636F6E73DB
:10E9C800745F63617374000028290000636D0000A0
:10E9D8002C000000636F00007E00000064560000F9
:10E9E8002F3D0000645800005B2E2E2E5D3D000078
:10E9F8006461000064656C6574655B5D20000000FF
:10EA08006463000064796E616D69635F6361737448
:10EA180000000000646500002A000000646900002E
:10EA2800646C000064656C657465200064730000A4
:10EA38002E2A000064740000647600002F00000095
:10EA480064780000654F00005E3D0000656F0000BF
:10EA58005E000000657100003D3D0000664C00004E
:10EA680066520000666C0000667200006765000070
:10EA78003E3D000067730000677400005B5D0000A6
:10EA88006C5300003C3C3D003C3D00006C690000BC
:10EA98006F70657261746F72222220006C730000BF
:10EAA8003C3C00006C7400003C0000006D49000014
:10EAB8002D3D00006D4C00002A3D00006D690000EE
:10EAC8002D0000006D6C00006D6D00002D2D000004
:10EAD8006E6100006E65775B5D0000006E6500008A
:10EAE800213D00006E740000210000006E770000D8
:10EAF8006E6577006E7800006E6F65786365707478
:10EB0800000000006F5200007C3D00006F6F0000A5
:10EB18007C7C00007C000000704C00002B3D000055
:10EB2800706C00002B000000706D00002D3E2A0064
:10EB3800707000002B2B00007073000070740000D0
:10EB48002D3E00003F000000724D0000253D0000F2
:10EB5800725300003E3E3D00726300007265696EAC
:10EB6800746572707265745F63617374000000008D
:10EB7800726D000025000000727300003E3E000028
:10EB88007350000073697A656F662E2E2E000000A0
:10EB9800735A0000736300007374617469635F6380
:10EBA800617374003C3D3E0073697A656F662000AE
:10EBB800737A0000747200007468726F7700000046
:10EBC800747700007468726F772000007369676E4D
:10EBD8006564206368617200626F6F6C00000000FA
:10EBE800626F6F6C65616E0063686172000000009F
:10EBF8006279746500000000646F75626C650000DE
:10EC08006C6F6E6720646F75626C6500666C6F610F
:10EC1800740000005F5F666C6F6174313238000009
:10EC2800756E7369676E65642063686172000000C1
:10EC3800696E7400756E7369676E656420696E74B9
:10EC480000000000756E7369676E6564000000005F
:10EC58006C6F6E6700000000756E7369676E65649F
:10EC6800206C6F6E670000005F5F696E7431323828
:10EC780000000000756E7369676E6564205F5F69E8
:10EC88006E7431323800000073686F7274000000CF
:10EC9800756E7369676E65642073686F72740000BF
:10ECA800766F69640000000077636861725F7400C2
:10ECB8006C6F6E67206C6F6E67000000756E73690D
:10ECC800676E6564206C6F6E67206C6F6E670000FE
:10ECD800646563696D616C33320000006465636963
:10ECE8006D616C3634000000646563696D616C3178
:10ECF8003238000068616C66000000006368617269
:10ED0800385F74006368617231365F740000000018
:10ED18006368617233325F74000000005F466C6F95
:10ED2800617400007374643A3A62666C6F6174319E
:10ED3800365F740000000000FFFFFFFFFFFFFF7F4A
:10ED480006005250D3F075425CE2001006005250A3
:10ED5800E182887F64E2001006005250ABB3605332
:10ED680074E2001006005250BBFF3CB67CE2001073
:10ED780006005250861C030284E20010060052501E
:10ED88005422A29D8CE2001005005250DE65F46802
:10ED98008C23011000000000000000000000F03F7C
:10EDA800000000000000244000000000000059405E
:10EDB8000000000000408F40000000000088C340B1
:10EDC80000000000006AF8400000000080842E4126
:10EDD80000000000D01263410000000084D7974172
:10EDE8000000000065CDCD410D0A000002020203BB
:10EDF800050507070B0B0B0B0D0D000002000000AB
:10EE08000300000005000000070000000B000000E0
:10EE18000D000000110000001300000017000000A2
:10EE28001D0000001F000000250000002900000050
:10EE38002B0000002F000000350000003B00000000
:10EE48003D000000430000004700000049000000AA
:10EE58004F0000005300000059000000610000004E
:10EE6800670000006D000000710000007F000000D6
:10EE7800890000008B000000950000009D00000044
:10EE8800A7000000B3000000C1000000C700000098
:10EE9800D3000000E3000000F100000001010000C1
:10EEA8001501000025010000390100005101000092
:10EEB800670100007F01000099010000B701000010
:10EEC800D3010000F70100001D020000410200000C
:10EED8006B02000095020000C5020000F902000064
:10EEE8003703000077030000B9030000070400009F
:10EEF80055040000A904000009050000650500008C
:10EF0800D50500004D060000CD060000570700009B
:10EF1800ED0700008308000035090000F50900002E
:10EF2800C10A00009B0B0000890C00008D0D000039
:10EF38009B0E0000BB0F0000FD1000005F120000D8
:10EF4800DF1300007F150000411700001B190000A7
:10EF5800251B00005D1D0000BB1F00004F220000A4
:10EF68001925000021280000692B0000EB2E000065
:10EF7800B7320000D1360000453B00001B400000BE
:10EF880055450000EF4A000011510000AF5700003E
:10EF9800D95E00009B660000FB6E00000778000049
:10EFA800C78100005D8C0000D99700003BA40000D9
:10EFB800A9B1000031C00000D1CF0000D5E00000A9
:10EFC80019F30000EB060100711C0100BB330100BE
:10EFD800ED4C01002B6801009585010079A5010021
:10EFE800FBC701003FED01009F15020051410200DF
:10EFF8007F70020085A30200D3DA0200A91603007D
:10F008005B570300619D030017E903000D3B0400F3
:10F01800AF93040097F30400555B05008BCB050004
:10F02800E944060047C806007156070031F007009A
:10F0380099960800874A0900410D0A00F9DF0A007D
:10F04800E9C30B0085BA0C0053C50D00F1E50E00AD
:10F05800431E100025701100ADDD12001D6914005B
:10F06800F1141600DBE31700A3D8190071F61B0092
:10F07800A3401E00D1BA2000F36823003D4F2600AC
:10F088005972290037D72C0027833000237C34009D
:10F0980057C83800AF6E3D007B764200BDE7470099
:10F0A80013CB4D00D1295400F30D5B00C7826200D9
:10F0B800B5936A00E34D730017BF7C003BF68600EA
:10F0C800770392004DF89D00E9E7AA00B9E6B80079
:10F0D800DF0AC800736CD8006F25EA00F951FD00FB
:10F0E80077101201DB812801B9C940018D0E5B013F
:10F0F8000B7A77016D399601617DB701957ADB014D
:10F10800596A0202638A2C02871D5A02136C8B0209
:10F1180035C4C002B77AFA0219EB38036F787C035A
:10F12800E18DC503679F1404752A6A04EBB6C6040B
:10F1380087D72A052D2B9705B55D0C0629298B063F
:10F1480095561407DDBFA80751504908BB06F708B4
:10F15800F9F6B2090D4B7E0A93455A0BC343480C86
:10F1680031BF490D5D50600E5BB18D0F5FC0D3108C
:10F17800BD8234124D28B213890E4F15A5C40D1740
:10F18800850FF11809EEFB1AC99D311D75A0951F51
:10F1980011C12B225D1AF824F11CFF27A596452BD7
:10F1A800B7B9D02EE725A6324BF0CB36D5AD483BC4
:10F1B800217D2340691264451FC3124B7593385152
:10F1C800D744DF57D164115FAD5EDA66AF8C466F06
:10F1D800434C6378D9123F822985E98CBD8F739897
:10F1E800F781EFA40F2B71B251F90DC1AF1CDDD01F
:10F1F8004BABF7E1AFC878F4FBFFFFFFFBFFFFFF66
:10F208005374396261645F616C6C6F630000000065
:10F2180050F3001008F2001084F200100000000003
:10F2280018F20010F137001005380010E937001007
:10F23800537432306261645F61727261795F6E65C6
:10F24800775F6C656E6774680000000050F300100B
:10F2580038F2001018F200100000000054F20010FC
:10F26800293800103D3800102138001053743965D2
:10F278007863657074696F6E000000005CF40010BC
:10F2880074F20010537431336261645F65786365AA
:10F298007074696F6E00000050F300108CF200105B
:10F2A80084F200104E31305F5F637878616269766E
:10F2B8003131355F5F666F726365645F756E77695C
:10F2C8006E6445005CF40010ACF200104E31305F03
:10F2D8005F637878616269763131395F5F666F7232
:10F2E8006569676E5F657863657074696F6E450000
:10F2F8005CF40010D4F2001000000000A0F200102E
:10F30800353D0010413D0010393D00104E31305F51
:10F318005F637878616269763132305F5F73695F05
:10F32800636C6173735F747970655F696E666F454E
:10F338000000000050F3001014F3001048F400100F
:10F34800000000003CF300100145001015450010B6
:10F358002546001025460010DD4A0010054A001019
:10F36800F14500107145001031450010537439748F
:10F378007970655F696E666F000000005CF40010CC
:10F3880074F30010537431316C6F6769635F657291
:10F39800726F720050F300108CF3001084F20010AA
:10F3A800537431326C656E6774685F6572726F7220
:10F3B8000000000050F30010A8F300109CF30010A8
:10F3C800537431326F75745F6F665F72616E676513
:10F3D8000000000050F30010C8F300109CF3001068
:10F3E800000000009CF30010614700102148001045
:10F3F8005D47001000000000BCF30010A14700109A
:10F40800694800105D47001000000000DCF30010A0
:10F41800E1470010B14800105D4700104E31305FE1
:10F428005F637878616269763131375F5F636C61F9
:10F4380073735F747970655F696E666F450000006D
:10F4480050F3001024F4001084F3001000000000B2
:10F4580048F40010494A00105D4A00102546001083
:10F4680025460010DD4A0010054A0010BD4A00106C
:10F47800794A00103D4A0010E4E70010E8E7001060
:10F48800ECE7001000000000740000006CE40010BD
:10F49800030000006CE400100300000000000000FE
:10F4A8000000000061000000F0E700100E000000FE
:10F4B800F0E700100E00000000E80010090000004E
:10F4C800620000000CE80010110000000CE80010B9
:10F4D8001100000020E800100C000000730000007C
:10F4E80030E800100B0000003CE800104600000067
:10F4F80020E800100C0000006900000084E80010FB
:10F508000C00000094E8001031000000C8E800106A
:10F518000D0000006F000000D8E800100C0000008B
:10F52800E8E80010310000001CE900100D000000A0
:10F53800640000002CE900100D0000003CE90010F8
:10F548003200000070E900100E00000080E9001091
:10F5580084E90010020000000200000088E90010A1
:10F568008CE90010010000000200000090E9001082
:10F5780098E70010020000000200000094E9001063
:10F5880098E9001001000000010000009CE900104B
:10F5980098E90010010000000200000028ED0010AA
:10F5A800A0E900100800000001000000ACE900100C
:10F5B800B0E900100900000001000000BCE90010DB
:10F5C800A0E900100800000001000000C0E90010D8
:10F5D800C4E900100A000000020000004CE6001018
:10F5E800D0E900100200000002000000D4E9001079
:10F5F800D8E900100100000002000000DCE900105A
:10F60800E0E900100100000001000000E4E900103A
:10F61800E8E900100200000002000000ECE9001018
:10F62800F0E900100600000003000000F8E90010EF
:10F63800FCE90010090000000100000008EA0010C1
:10F648000CEA00100C000000020000001CEA001088
:10F6580020EA0010010000000100000024EA001068
:10F668008CE90010010000000200000028EA0010E8
:10F678002CEA0010070000000100000034EA001026
:10F6880038EA001002000000020000003CEA001006
:10F6980094EB0010010000000200000040EA001096
:10F6A80044EA0010010000000200000048EA0010CF
:10F6B800F4E9001002000000020000004CEA00100B
:10F6C80050EA0010020000000200000054EA001096
:10F6D80058EA001001000000020000005CEA001077
:10F6E80060EA0010020000000200000064EA001056
:10F6F8009CE60010030000000300000068EA001008
:10F708009CE6001003000000030000006CEA0010F3
:10F718009CE60010030000000200000070EA0010E0
:10F728009CE60010030000000200000074EA0010CC
:10F7380078EA001002000000020000007CEA0010D5
:10F7480090E40010020000000100000080EA0010B0
:10F75800C4E80010010000000200000050E600109C
:10F7680084EA0010020000000200000088EA00108D
:10F778008CEA0010030000000200000004EC0010F6
:10F7880090EA0010020000000200000094EA001055
:10F7980098EA00100B00000001000000A4EA001025
:10F7A800A8EA00100200000002000000ACEA001005
:10F7B800B0EA00100100000002000000B4EA0010E6
:10F7C800B8EA00100200000002000000BCEA0010C5
:10F7D800C0EA00100200000002000000C4EA0010A5
:10F7E800C8EA00100100000002000000CCEA001086
:10F7F80020EA00100100000002000000D0EA00101A
:10F80800D4EA00100200000001000000D8EA00104D
:10F81800DCEA00100500000003000000E4EA001024
:10F82800E8EA00100200000002000000D4EC00101A
:10F83800C8EA00100100000001000000ECEA001016
:10F84800F0EA00100100000001000000F4EA0010D6
:10F85800F8EA00100300000003000000FCEA0010B2
:10F8680000EB001008000000010000000CEB001085
:10F8780010EB0010020000000200000014EB001062
:10F8880018EB00100200000002000000FCE7001066
:10F898001CEB0010010000000200000020EB00102B
:10F8A80024EB0010020000000200000028EB00100A
:10F8B8002CEB0010010000000200000030EB0010EB
:10F8C80034EB0010030000000200000038EB0010C9
:10F8D8003CEB0010020000000100000040EB0010AB
:10F8E8002CEB0010010000000100000044EB0010A8
:10F8F80048EB0010020000000200000054E600106F
:10F908004CEB0010010000000300000050EB001059
:10F9180054EB0010020000000200000058EB001039
:10F928005CEB0010030000000200000060EB001018
:10F9380064EB0010100000000200000078EB0010DB
:10F948007CEB0010010000000200000080EB0010BA
:10F9580084EB0010020000000200000088EB001099
:10F968008CEB0010090000000100000098EB00106B
:10F978008CEB001009000000010000009CEB001057
:10F98800A0EB00100B0000000200000040E7001090
:10F99800ACEB00100300000002000000CCE90010EE
:10F9A800B0EB00100700000001000000B8EB0010E9
:10F9B800B0EB00100700000001000000BCEB0010D5
:10F9C800C0EB00100500000000000000C8EB0010AC
:10F9D800CCEB001006000000010000000000000051
:10F9E800000000000000000000000000D4EB001040
:10F9F8000B000000D4EB00100B000000000000001A
:10FA0800E0EB001004000000E8EB00100700000025
:10FA180007000000F0EB001004000000F8EB0010F5
:10FA2800040000000000000000EC001006000000C8
:10FA380000EC0010060000000800000008EC0010B0
:10FA48000B00000008EC00100B000000080000008C
:10FA580014EC00100500000014EC00100500000074
:10FA6800080000001CEC00100A0000001CEC00104C
:10FA78000A0000000800000028EC00100D0000003B
:10FA880028EC00100D0000000000000038EC001009
:10FA98000300000038EC0010030000000100000023
:10FAA8003CEC00100C0000004CEC001008000000BA
:10FAB800020000000000000000000000000000003C
:10FAC800000000000000000058EC001004000000D6
:10FAD80058EC0010040000000300000060EC001067
:10FAE8000D00000060EC00100D0000000400000094
:10FAF80070EC00100800000070EC00100800000016
:10FB0800000000007CEC0010110000007CEC0010EC
:10FB180011000000000000000000000000000000CC
:10FB280000000000000000000000000000000000CD
:10FB380000000000000000000000000000000000BD
:10FB480000000000000000000000000000000000AD
:10FB58000000000090EC00100500000090EC001080
:10FB6800050000000000000098EC00100E000000E6
:10FB780098EC00100E0000000000000000000000DB
:10FB8800000000000000000000000000000000006D
:10FB9800A8EC001004000000A8EC0010040000000D
:10FBA80009000000B0EC001007000000F0EB0010A6
:10FBB8000400000000000000B8EC0010090000007C
:10FBC80058EC00100400000005000000C4EC001010
:10FBD80012000000C4EC0010120000000600000033
:10FBE8009CE60010030000009CE6001003000000E3
:10FBF80000000000D8EC001009000000D8EC00104C
:10FC08000900000000000000E4EC001009000000FA
:10FC1800E4EC00100900000000000000F0EC001007
:10FC28000A000000F0EC00100A00000000000000CC
:10FC3800FCEC001004000000FCEC001004000000C4
:10FC48000800000004ED00100700000004ED00109B
:10FC580007000000000000000CED00100800000084
:10FC68000CED0010080000000000000018ED001066
:10FC78000800000018ED0010080000000000000057
:10FC880070E400101100000070E400101100000082
:10FC98000000000024ED00100600000024ED001014
:10FCA80006000000080000002CED00100F00000006
:10FCB8002CED00100F00000008000000002020209C
:10FCC8002020202020202828282828202020202004
:10FCD80020202020202020202020202020881010D4
:10FCE8001010101010101010101010101004040430
:10FCF80004040404040404101010101010104141EE
:10FD080041414141010101010101010101010101DB
:10FD180001010101010101011010101010104242EF
:10FD280042424242020202020202020202020202AB
:10FD3800020202020202020210101010200000004B
:10FD480000000000000000000000000000000000AB
:10FD5800000000000000000000000000000000009B
:10FD6800000000000000000000000000000000008B
:10FD7800000000000000000000000000000000007B
:10FD8800000000000000000000000000000000006B
:10FD9800000000000000000000000000000000005B
:10FDA800000000000000000000000000000000004B
:10FDB800000000000000000000000000000000003B
:10FDC80008B10181B0B000840000000008B10181D1
:10FDD800B0B00084000000003941FF7FA908B100DD
:10FDE800FFFF01080E041C00180E00002541FF7FCC
:10FDF800A908B100FFFF01080E041C00180E00003E
:10FE08001141FF7FA908B100FFFF01080E041C0083
:10FE1800180E000008B10181B0B000840000000095
:10FE2800F140FF7FB0A80100FFFF010008B1018188
:10FE3800B0B0008400000000D940FF7FB0AF1800C8
:10FE4800FF1019011124DE050000B00604CE0801D8
:10FE5800EC06EE010000010000000000B540FF7F45
:10FE68008408B101B0B0B000FF100D01040206080B
:10FE7800010100000000000008B10181B0B0008459
:10FE88000000000008B10181B0B00084000000004B
:10FE98008140FF7FB0AA0100FF102901183030000F
:10FEA800006A049E0103702E0000BA0118E20100E6
:10FEB800DC010E00000200017D00000000000000CF
:10FEC800BCF3FFFF4D40FF7FB0AB0400FFFF010C08
:10FED8001C046200680400006E0462003540FF7F65
:10FEE800B0AF0200FF1019010F320A3C018401363D
:10FEF800C00100C80104000001000000000000006B
:10FF080008B10181B0B000840000000008B101818F
:08FF1800B0B0008400000000FD
:10FF2000A435FF7F010000001836FF7F9CFEFF7F95
:10FF30003036FF7FA0FEFF7F4836FF7FA4FEFF7FA5
:10FF40007036FF7FB0FEFF7F9836FF7FBCFEFF7FDD
:10FF5000C036FF7F010000003C38FF7FC0FEFF7FFE
:10FF60008838FF7F01000000303BFF7FB0AA03808C
:10FF7000DC3BFF7F01000000A83CFF7FACFEFF7F61
:10FF8000283DFF7F01000000DC3DFF7FB0B0AA806C
:10FF9000983EFF7FA0FEFF7FD83EFF7FB0A9028082
:10FFA000783FFF7F9CFEFF7FD443FF7FB8FEFF7F3B
:10FFB000DC43FF7F01000000E443FF7FC4FEFF7FBE
:10FFC000E443FF7FC8FEFF7FEC43FF7F010000009A
:10FFD000FC43FF7F008402803844FF7F0100000063
:10FFE0007844FF7FAB08B180A844FF7FB0B0A88001
:10FFF0001045FF7F01000000F845FF7FB0B0AC80E6
:020000041001E9
:100000002046FF7F010000004C46FF7F8CFEFF7FF3
:100010004C47FF7F01000000E048FF7FB0FEFF7FFC
:100020005C49FF7FB0B0A8807C49FF7F00840280DC
:10003000D049FF7F01000000CC49FF7FB0AA0380B8
:10004000FC49FF7F0100000034BFFF7F98FEFF7F67
:1000500004C0FF7F010000009809FF0FB0A80380D3
:10006000280AFF0FB0B0A880780AFF0F0100000037
:10007000800AFF0FB0B0AA80B80AFF0FAF76B28037
:10008000880BFF0FAB3F3A80F00BFF0F0100000021
:10009000FC0BFF0FB0B0AA80380CFF0F010000006E
:1000A000F40CFF0FAC0FB280700DFF0FB0AF0880E3
:1000B0000C10FF0F010000001C10FF0FAC3F03806D
:1000C0002013FF0F01000000F014FF0F00840480D4
:1000D0000415FF0F010000000015FF0FB0AC0580F4
:1000E0000418FF0F008404802C18FF0F1CFEFF7FF4
:1000F0003018FF0F20FEFF7F3C18FF0F01000000AB
:1001000048ED001054ED001060ED00106CED001093
:0C01100078ED001084ED001090ED001060
:10011C00034600B50268EFF3108C72B6D2E8CFEF4D
:10012C000120BEF1000FF9D1C2E84E0FBEF1000F55
:10013C00F4D1BFF35F8F93F90420002A09DB01B1DE
:10014C000A60002000221B68C3E88F2F8CF31088F4
:10015C0000BD4FF05042126801201A71F2E700BF47
:10016C004FF050412DE9F8431F460B6804461646E4
:10017C0000259946DFF874802368EFF3108272B67D
:10018C00D3E8CF0F01210028FAD1C3E8401F002883
:10019C00F6D1BFF35F8F94F904302168002B1BDB81
:1001AC0098F80030DBB2C1E88F5F82F3108898F8C2
:1001BC0000209A4208D03046394601F0A5FD0028AF
:1001CC00DAD00020BDE8F88320BF3046394601F074
:1001DC009BFD0028D0D0F4E7002384F80490C1E8FC
:1001EC008F3F82F310880120BDE8F8833D27002063
:1001FC0070B582B001A9064614461D46FFF788FF6C
:10020C0038B94FF050439DF9042093F900309A42CD
:10021C0001D102B070BD22462B46304602B0BDE87B
:10022C007040FFF79DBF00BF0368EFF3108172B6FB
:10023C00D3E8CFCF0122BCF1000FF9D1C3E84C2F8A
:10024C00BCF1000FF4D1BFF35F8F4FF0FF0C074AE6
:10025C0080F804C013780133137000230268C2E8DD
:10026C008F3F81F3108840BF704700BF3D270020AF
:10027C0081F0004102E000BF83F0004330B54FEA4B
:10028C0041044FEA430594EA050F08BF90EA020FB8
:10029C001FBF54EA000C55EA020C7FEA645C7FEA4B
:1002AC00655C00F0E2804FEA5454D4EB5555B8BF6E
:1002BC006D420CDD2C4480EA020281EA030382EADF
:1002CC00000083EA010180EA020281EA0303362D71
:1002DC0088BF30BD11F0004F4FEA01314FF4801C44
:1002EC004CEA113102D0404261EB410113F0004F56
:1002FC004FEA03334CEA133302D0524263EB43030D
:10030C0094EA050F00F0A780A4F10104D5F1200EAA
:10031C000DDB02FA0EFC22FA05F2801841F1000105
:10032C0003FA0EF2801843FA05F359410EE0A5F1D9
:10033C0020050EF1200E012A03FA0EFC28BF4CF00A
:10034C00020C43FA05F3C01851EBE37101F00045C0
:10035C0007D54FF0000EDCF1000C7EEB00006EEBCD
:10036C000101B1F5801F1BD3B1F5001F0CD3490857
:10037C005FEA30004FEA3C0C04F101044FEA4452AE
:10038C0012F5800F80F09A80BCF1004F08BF5FEA35
:10039C00500C50F1000041EB045141EA050130BD15
:1003AC005FEA4C0C404141EB0101013C28BFB1F527
:1003BC00801FE9D291F0000F04BF01460020B1FA72
:1003CC0081F308BF2033A3F10B03B3F120020CDA45
:1003DC000C3208DD02F1140CC2F10C0201FA0CF023
:1003EC0021FA02F10CE002F11402D8BFC2F1200C88
:1003FC0001FA02F120FA0CFCDCBF41EA0C0190403E
:10040C00E41AA2BF01EB0451294330BD6FEA040486
:10041C001F3C1CDA0C340EDC04F11404C4F1200271
:10042C0020FA04F001FA02F340EA030021FA04F383
:10043C0045EA030130BDC4F10C04C4F1200220FADA
:10044C0002F001FA04F340EA0300294630BD21FA18
:10045C0004F0294630BD94F0000F83F4801306BFDE
:10046C0081F480110134013D4EE77FEA645C18BFD2
:10047C007FEA655C29D094EA050F08BF90EA020F69
:10048C0005D054EA000C04BF1946104630BD91EA61
:10049C00030F1EBF0021002030BD5FEA545C05D164
:1004AC004000494128BF41F0004130BD14F58004A3
:1004BC003CBF01F5801130BD01F0004545F0FE4117
:1004CC0041F470014FF0000030BD7FEA645C1ABF4C
:1004DC00194610467FEA655C1CBF0B46024650EA83
:1004EC00013406BF52EA033591EA030F41F40021AF
:1004FC0030BD00BF90F0000F04BF0021704730B535
:10050C004FF4806404F132044FF000054FF0000109
:10051C0050E700BF90F0000F04BF0021704730B5CA
:10052C004FF4806404F1320410F0004548BF40429F
:10053C004FF000013EE700BF42004FEAE2014FEAF4
:10054C0031014FEA02701FBF12F07F4393F07F4FCF
:10055C0081F06051704732F07F4208BF704793F0D2
:10056C007F4F04BF41F40021704730B54FF46074E5
:10057C0001F0004521F000411CE700BF50EA0102E8
:10058C0008BF704730B54FF000050AE050EA010291
:10059C0008BF704730B511F0004502D5404261EB01
:1005AC0041014FF4806404F132045FEA915C3FF442
:1005BC00D8AE4FF003025FEADC0C18BF03325FEADF
:1005CC00DC0C18BF033202EBDC02C2F1200300FA90
:1005DC0003FC20FA02F001FA03FE40EA0E0021FAB5
:1005EC0002F11444BDE600BF53B94AB9002908BF53
:1005FC0000281CBF4FF0FF314FF0FF3001F0A0B9C5
:10060C00ADF1080C6DE904CE00F006F8DDF804E05D
:10061C00DDE9022304B070472DE9F047064682B0AD
:10062C00174608460A9AB4460D46002B4DD18F4208
:10063C00BE4665D9B7FA87F149B1C1F120038D40A7
:10064C0007FA01FE06FA01FC26FA03F31D434FEAF2
:10065C001E461FFA8EF04FEA1C43B5FBF6F406FB60
:10066C00145543EA054304FB00F59D4206D91EEBE5
:10067C00030302D29D4200F24C81013C5B1B1FFA2A
:10068C008CFCB3FBF6F506FB153305FB00F04CEACE
:10069C00034C60450AD91EEB0C0C2CBF0123002324
:1006AC00604502D9002B00F03781013DACEB000C0A
:1006BC0045EA0440002422B12CFA01F30021C2E9DE
:1006CC000031214602B0BDE8F0878B4208D90AB14F
:1006DC00C2E9006100242046214602B0BDE8F08743
:1006EC00B3FA83F4002C4DD18B42C0F00581B74294
:1006FC0040F202812046002AE3D0C2E900C5E0E7BF
:10070C00002F00F0A2801946B7FA87F3002B40F0B7
:10071C00B480C31B1FFA8EF83F0C01244FEA1C4017
:10072C00B3FBF7F507FB153340EA034308FB05F071
:10073C0098420AD91EEB03032CBF012600269842CF
:10074C0002D9002E00F0E280013D1B1A1FFA8CFC2E
:10075C00B3FBF7F007FB10334CEA034C08FB00F338
:10076C0063450AD91EEB0C0C2CBF012600266345F1
:10077C0002D9002E00F0C7800138ACEB030C40EA24
:10078C00054098E7C4F12008A34006FA04FAA140FA
:10079C0027FA08FC20FA08F007FA04F94CEA030CD3
:1007AC0026FA08F34FEA1C460B431FFA8CFE190C71
:1007BC00B0FBF6F706FB170041EA004107FB0EF011
:1007CC0088420AD91CEB01012CBF01250025884267
:1007DC0002D9002D00F0B280013F091A9BB2B1FB87
:1007EC00F6F006FB101100FB0EFE43EA01439E459A
:1007FC000AD91CEB03032CBF012100219E4502D911
:10080C00002900F09E80013840EA0740A3EB0E035C
:10081C00A0FB09E18B4276460F4602D307D1F24585
:10082C0005D2BEEB090661EB0C0101380F4652B143
:10083C00BAEB060163EB070303FA08F5E140E3406A
:10084C000D43C2E9005300243BE77308B84649083E
:10085C00019743EAC0734FEAC67C1C0C9BB244EA76
:10086C00014443EA0443B4FBF7F4B1FBF7F51F2151
:10087C00019844EA05441B1A50E7194607FA03FE8F
:10088C00C3F1200300FA01F44FEA1E47D84026FAC0
:10089C0003F31FFA8EF806FA01FC2343B0FBF7F5BD
:1008AC001C0C07FB150044EA004005FB08F48442CD
:1008BC004AD91EEB00002CBF01260026844200D929
:1008CC008EB3001B013DB0FBF7F404FB08F6A14608
:1008DC00019607FB19009BB2019E43EA0043B34209
:1008EC00C6D21EEB03032CBF01200020B34200D262
:1008FC00A8B109F1FF34BBE7B6EB070C60EB0303BF
:10090C0001201D46F7E6F444023836E7023D7344F5
:10091C001BE7023C7344B1E6F444023DC6E6A9F180
:10092C0002047344A4E7AEEB0404023D2044B0FB84
:10093C00F7F404FB08F6A1460196CAE7023F6144AE
:10094C004BE7023863445FE7001BB0FBF7F404FB92
:10095C0008F6A1460196BCE703685A004CBF43F069
:10096C00004323F000431844704700BF2DE9F047C3
:10097C0029B301F1FF399046074600254E46A919C7
:10098C0048BF0131491007EBC10ACC005046FFF7B4
:10099C00E3FF89450DD00834404507EB04000AD825
:1009AC00FFF7DAFF01384D1C4045E8D35046BDE84F
:1009BC00F0874045FAD98D4201F1FF36DFD14FF077
:1009CC00000A5046BDE8F087012806D0022802D064
:1009DC0028B9044870470448704704487047002001
:1009EC00704700BFBD100020CD100020C5100020A6
:1009FC00224B8A1E10B5044684B04BB303A9104693
:100A0C000192AFF30080F0B10399019AFFF7AEFFAA
:100A1C000146C0B1FFF7A0FFA0644B68012B2AD0A0
:100A2C00002B01F1040024DBFFF796FF0023236564
:100A3C000368E064002B11DBFFF78EFF03460020F8
:100A4C00236104B010BD00230920236104B010BD44
:100A5C000B480C49091AC9100391D7E7C3F303607B
:100A6C00FFF7B2FF031E0CBF09200020236104B066
:100A7C0010BD0123DBE700230520E1E700000000A7
:100A8C0020FF0010000101100368DA0710B50446BE
:100A9C0006D49B0700F1500009D500F0B5FC236883
:100AAC00590709D51A070ED5DB0613D510BD00F072
:100ABC00A3FC23685907F5D404F1D80000F0ACFC72
:100ACC0023681A07F0D404F5AC7000F0ADFC236871
:100ADC00DB06EBD404F5EC70BDE8104000F0E8BC8C
:100AEC00036803B103441846704700BF704700BF4A
:100AFC0070B504460D46296C2046FFF779FF064673
:100B0C0098B9D5F840C02A46236921460120C4F87B
:100B1C0014C098470828EED0072806D13046296C17
:100B2C00FFF7E4FF281D00F05BFC01F0E9F800BFC3
:100B3C002DE9F04F0F1DADF5777DD0F80C900646E2
:100B4C00D0F818A014460DF10C0C02AD4FF0000EAD
:100B5C000FCFACE80F000FCFACE80F000FCFACE815
:100B6C000F0097E80F00C5F800E08CE80F0021E0BB
:100B7C002B6C4FF4F47229467CA8736101F042F897
:100B8C0033697CAA3146584698478A9F214683464A
:100B9C00AF64334632460120CDE9005AC8470446BB
:100BAC0028BB4FF4F4727CA9284601F02BF8BBF15A
:100BBC00080F19D10934296C3046FFF719FF074685
:100BCC005FFA84FB0028D3D0AC6B334632464BF033
:100BDC001001AC640120CDE9005AC84738B9384639
:100BEC000DF5777DBDE8F08FBBF1070F05D0092718
:100BFC0038460DF5777DBDE8F08F2046296CFFF760
:100C0C0075FF03A800F0ECFBF0B5CB6BFBB001F16A
:100C1C00040E0E460B6404460DF1040C4FF0FF3726
:100C2C00BEE80F00ACE80F00BEE80F00ACE80F0008
:100C3C00BEE80F00ACE80F009EE80F0000978CE8B0
:100C4C000F0006E023696A462146984708280746A4
:100C5C0008D110992046FFF7CBFE0028F2D00920CE
:100C6C007BB0F0BD6846FFF70FFF062FF7D131467A
:100C7C002046FFF73DFF00BFC1601946826100228C
:100C8C00D3F83CC0C3F840C0FFF752BF436970B5FE
:100C9C000B64C668AEB903690A4604460D460146A4
:100CAC0002209847072805D008280FD1294620464E
:100CBC00FFF71EFF3046296CFFF718FF281D00F0C8
:100CCC008FFB0122FFF734FF01F01AF801F018F83E
:100CDC00C26832B1D1F83CC00022C1F840C0FFF765
:100CEC0027BFFFF791BF00BF704700BF836813B1E8
:100CFC000146012018477047052915D8DFE801F097
:100D0C000A031403030501207047436C0020009A6A
:100D1C001360704743B90F2A06D800EB8200009A83
:100D2C0043680020136070470220704700B585B0FF
:100D3C000A46002303A900911946FFF7DDFF03982B
:100D4C0005B000BD052915D8DFE801F00A0314032E
:100D5C00030501207047009B1B684364002070470B
:100D6C0043B90F2A06D8009B00EB82001B68436036
:100D7C00002070470220704700B585B000230DF1AC
:100D8C000C0C03920A461946CDF800C0FFF7DAFFA7
:100D9C0005B000BD2DE9F041D36BADF5107D141DF0
:100DAC00804613640F460DF15C0C4FF0FF3E0FCCE8
:100DBC00ACE80F000FCCACE80F000FCCACE80F0088
:100DCC0094E80F00CDF858E08CE80F0010E0FFF726
:100DDC00D3FF394616A8C047034616AA6946082011
:100DEC0083B9049B9847052804460CD009280AD0DF
:100DFC0026996846FFF7FCFD03466A460C2116A8A7
:100E0C00002BE4D0092416A8FFF73EFE20460DF572
:100E1C00107DBDE8F08100BF2DE9F04FCE6C89B09C
:100E2C000D46174656F8041B00F0030C0696E3B16A
:100E3C000C0C09048DF81D40E4B20591022106EB5F
:100E4C008406BCF1020F8DF81C10296D08BFAE6B27
:100E5C0011F001010FD005A9384600F0BDFB0028A8
:100E6C0060D1082009B0BDE8F08F09028DF81D3063
:100E7C0005910321E5E7D6F80080B8F1000FEAD020
:100E8C0000F00802C2469946E046CDE90121B9F1CD
:100E9C00020F4BD0B6F800A0043636F8024CAB6CFF
:100EAC0024F0010B0F2138469B44FFF73FFF6300F2
:100EBC000AF00102834503F0020343EA02032BD834
:100ECC002AF0010A012BDA4466D0022B3FD04BBB2F
:100EDC00B8F1000F02D0824500F2CC800436D6F86F
:100EEC0000A0BAF1000FD2D105A9384600F074FB6E
:100EFC00C0B9029B002BB4D00F213846FFF716FF68
:100F0C000E2102463846FFF737FF6B4A0F21384651
:100F1C00FFF732FF0720A5E7012B38D0022B08D0B2
:100F2C00002BDBD0092009B0BDE8F08F74680836BF
:100F3C00B5E7346824F0004BB8F1000F0DD1002C4C
:100F4C0000DA04360BF1010306EB8306C7E73468BD
:100F5C0024F0004BB8F1000F60D0D5F820A00D2183
:100F6C003846FFF7E3FE8245E9D1AA6A9642E6D1FC
:100F7C0000240422C5F828B0C5E90B42B2186A63F4
:100F8C003268A242C0F2938001230293DAE7B8F1EF
:100F9C00000F04D10836A2E7B8F1000F17D02C6A65
:100FAC000D213846FFF7C2FE8442F3D1AB6A9E4254
:100FBC00F0D13046FFF7D0FC0F2102463846FFF740
:100FCC00DBFE2A4600213846FFF7D6FEA2E7824513
:100FDC00E0D973689A1CA5D005F158040133326826
:100FEC0004945ED0301DD20FFFF77AFD04AB01469E
:100FFC00284600F07DFE0028CCD001900D2138460B
:10100C00049CFFF793FE019A2862022A02D1EC623B
:10101C0005F12C040620C5E9094623E782458ED943
:10102C00019B13B1BBF1000F89D1CDF80C8006F1F7
:10103C00040AA846002458350CE0504600220495BA
:10104C00FFF74EFD04AB014640460AF1040A00F0DE
:10105C004FFE08BB5C4504F10104EED10D2138466E
:10106C00FFF764FE049B02460620C8F82020C8E95E
:10107C000936F7E630460436FFF76EFC0446AE63DD
:10108C00284600F039FE00283FF44CAF22460F21D1
:10109C003846FFF771FE3DE745463468DDF80C80B5
:1010AC004DE70D213846FFF741FE2862B2E70BF100
:1010BC00010206EB82007DE77DBF00100023FFF7E5
:1010CC00ABBE00BF0123FFF7A7BE00BF0223FFF793
:1010DC00A3BE00BF2DE9F0410446C4B0052904D8D5
:1010EC00DFE801F0122C036E9407022044B0BDE837
:1010FC00F081002AF9D1A36B53F8042B6264A3632B
:10110C00002044B0BDE8F081002BEED195B2D4F8AC
:10111C0038C04FF0010E0EFA03F06146284205D09C
:10112C0051F8040B8C46211D41F823000133102B80
:10113C00F1D19604E4D4C4F838C0E1E703F0FB0124
:10114C000129D2D191B2012B4FEA124601EB124286
:10115C0000F0AE80202AC8D80F2E7DD90F4600296A
:10116C00CED0216800934D0700F1068102AD2846D0
:10117C0000F056F9D4F838E0009B102E4FEA4702E5
:10118C003146704638BF1021013A05EBC1011746B4
:10119C008439013A50F804CBB2F1FF3F41F804CF47
:1011AC00F7D10EF1040E012B0EEB870200F0BE807E
:1011BC000F2EA26340F2C380284600F02DF99FE762
:1011CC00032B92D191B2170C01EB12420E46102A4E
:1011DC008BD823681A0700F1968022AD284600F0C0
:1011EC0045F9A16B720066B105EBC703013AC81A49
:1011FC00013A53F800C0571C43F804CBF8D101EB6B
:10120C00C6012846A16300F00FF979E7002B7FF4A3
:10121C006CAF102A3FF669AF2368D90669D422A8AF
:10122C00009200F04FF9D4F838E022A80023009A7D
:10123C000121F44699400133114203D05CF8041BA0
:10124C00E6460160042B00F10400F1D122A8C4F899
:10125C0038E000F02DF953E7102A40F29580216810
:10126C00A2F11007CA076ED448077BD422AD0093B5
:10127C00284600F0CDF802A800F0D2F8C6F1100113
:10128C00D4F838E0009B4900F44605EBC600013960
:10129C00043888465CF8042B013940F8042F4A1CAA
:1012AC00F8D10EF1040E0EEB880EA7B302AD64E775
:1012BC00102A3FF61AAF102E3FF417AF2268D00752
:1012CC000AD522F00302204640F8502BCDE900133A
:1012DC0000F096F8DDE9001322AD2846CDE90013A5
:1012EC0000F08EF8D4F838E0DDE9001301B30027E4
:1012FC00C9E723F0100304F5EC700092236000F0B2
:10130C00E1F8009A8BE723F0080304F5AC70236036
:10131C0000F0ACF861E7012B0AD00F2EC4F838E0CE
:10132C003FF6EEAE284600F06FF8E9E6964622ADA1
:10133C000EF104032846A36300F05EF8E0E622A851
:10134C0000F062F838E721F001012046009341F0EB
:10135C00020140F8501B00F05BF82168009B11F073
:10136C00040F83D021F004012046009340F8D81BD1
:10137C0000F056F8009B79E721F00401204640F874
:10138C00D81B00F04DF8F1E62268D5070DD422AD3C
:10139C002846CDE9001300F03BF800990029C1D094
:1013AC00D4F838E00027019B6DE7052BCDE900133D
:1013BC000BD122F00102204642F0020240F8502BE1
:1013CC0000F026F8DDE90013E1E722F003022046E5
:1013DC0040F8502B00F014F8DDE90013D7E700BFFC
:1013EC0000F1340191E838009C46A6464CF8045DA7
:1013FC0090E8FF0FE54600BD90EC210B704700BF55
:10140C0080EC210B704700BF90EC200B704700BFA5
:10141C0080EC200B704700BFD0EC200B704700BF56
:10142C00C0EC200B704700BFF0EC0201F0EC021195
:10143C00F0EC0221F0EC0231F0EC0241F0EC025144
:10144C00F0EC0261F0EC0271F0EC0281F0EC029134
:10145C00F0EC02A1F0EC02B1F0EC02C1F0EC02D124
:10146C00F0EC02E1F0EC02F1704700BFE0EC02019D
:10147C00E0EC0211E0EC0221E0EC0231E0EC024184
:10148C00E0EC0251E0EC0261E0EC0271E0EC028174
:10149C00E0EC0291E0EC02A1E0EC02B1E0EC02C164
:1014AC00E0EC02D1E0EC02E1E0EC02F1704700BFAD
:1014BC00B0FC0181B0FC0191B0FC01A1B0FC01B108
:1014CC00704700BFA0FC0181A0FC0191A0FC01A110
:1014DC00A0FC01B1704700BFEC4600B52DE90050EF
:1014EC002DE9FF1F4FF000030CB401A9FFF78CFB93
:1014FC00DDF840E012B07047EC4600B52DE9005025
:10150C002DE9FF1F4FF000030CB401A9FFF7BEFB40
:10151C00DDF840E012B07047EC4600B52DE9005004
:10152C002DE9FF1F4FF000030CB401A9FFF7D0FB0E
:10153C00DDF840E012B07047EC4600B52DE90050E4
:10154C002DE9FF1F4FF000030CB401ABFFF794FB28
:10155C00DDF840E012B07047EC4600B52DE90050C4
:10156C002DE9FF1F4FF000030CB401AAFFF712FC8A
:10157C00DDF840E012B07047027A034692B9427A25
:10158C00BAB14168013A00B542724FF0030E0868D7
:10159C0001F1040C83F808E00202C3F804C0000E49
:1015AC001A6000BD0068013A1A720202000E1A603D
:1015BC007047B020704700BF00B585B000230C22E7
:1015CC000DF10C0C1946CDF800C0FFF795FB0398F4
:1015DC0005B000BDFFF7F0BF2DE9F041064686B01F
:1015EC000D464FF000082846FFF7C6FFB02804460A
:1015FC0000F02481070637D500F0F003A02B7FD034
:10160C000CD8802B5CD0902B04D100F00D030D2B4B
:10161C0040F08D80092006B0BDE8F081B02B65D07C
:10162C00C02B3CD1C62800F0F680C72800F00B81F7
:10163C0000F0F803C02B00F01881C82800F02381BB
:10164C00C928E7D12846FFF797FF020300F00F00E7
:10165C0002F4702201300243012105233046FFF7CA
:10166C0039FD0028BFD0D5E7830004AF0D223046EA
:10167C00DBB200970433039300231946FFF73CFBBE
:10168C00600600973046DDE903324CBFD21A9A1837
:10169C00002304920D221946FFF754FBA3E700F038
:1016AC00F803D02BB6D100F00702052301213046F8
:1016BC00013242F40022FFF70DFD002893D0A9E778
:1016CC002846FFF759FF40EA0420B0F5004FA1D09F
:1016DC00040100233046A2B21946FFF7FBFC002898
:1016EC0098D1C4F3C03048EA00087CE7A0F1B103FC
:1016FC00042B00F2E480DFE803F07C513E342B0035
:10170C00C3434FF47F620107304603F0070342FAEC
:10171C0003F24FF0000302F47F62194648BF42F413
:10172C008042FFF7D7FC00283FF45DAF72E704AFAF
:10173C00002300F00F02304619460097FFF7DCFA41
:10174C0000230D22304619460097FFF7FBFA4AE7B3
:10175C0005AA00233046009219460D22FFF7CCFA59
:10176C0041E70023052130461A46FFF7B3FC002859
:10177C003FF439AF4EE72846FFF7FEFE0123020384
:10178C0000F00F001946013002F47022024330467B
:10179C00FFF7A0FC00283FF426AF3BE7002304AF83
:1017AC000D22304619460097FFF7A6FA2846FFF798
:1017BC00E3FE0206049C4FF002030DD500F07F00FF
:1017CC009840073304442846CDE90334FFF7D4FE90
:1017DC0010F0800F039BF1D1984004F501740023A5
:1017EC000D2220440097194604903046FFF7AAFAC0
:1017FC00F9E62846FFF7C0FE431EDBB20E2B3FF680
:10180C0009AF0023024630461946FFF763FC002857
:10181C003FF4E9AEFEE62846FFF7AEFE03230203D3
:10182C0000F00F001946013002F4702202433046DA
:10183C00FFF750FC00283FF4D6AEEBE6B8F1000FF2
:10184C002DD00020E7E62846FFF796FE431EDBB2BC
:10185C000E2B3FF6DFAE0246002304213046FFF785
:10186C0039FC00283FF4BFAED4E600F00F0203238E
:10187C0030460132194642F42022FFF72BFC002897
:10188C003FF4B1AEC6E62846FFF776FE00F0F00254
:10189C0000F00F031032013343EA0232DCE604ACF1
:1018AC00434641460E2230460094FFF725FA0F229C
:1018BC004346414630460094FFF744FAC1E700F036
:1018CC00FC03B42B3FF4A6AE00F007020123304614
:1018DC001A44194642F40022FFF7FCFB00283FF49F
:1018EC0082AE97E6024603230846D26C00B585B05B
:1018FC0008328DF80C3001A952F8043C4FEA032C45
:10190C001B0ECDE901C28DF80D30FFF765FE05B059
:10191C0000BD00BF08B5FFF75DFE806C08BD00BFC1
:10192C0008B5FFF757FEC06CC37900EB8300083095
:10193C0008BD00BF08B500F0E3F908B5FFF7FAFFE2
:10194C00704700BF032A10D8D2B3013A431E0139A5
:10195C00024401E09A4233D013F8010F11F801CF81
:10196C006045F7D0A0EB0C00704710B541EA0004BD
:10197C0084460B46A4070FD0013A431E013902449A
:10198C0001E09A421AD013F8010F11F801CF60450B
:10199C00F7D0A0EB0C0010BDDCF800401946D3F8D2
:1019AC0000E0604604330CF1040C7445E4D1043AB5
:1019BC00032AF1D860461946002ADDD1002010BD5B
:1019CC0000207047884270B531D98B1883422ED9CC
:1019DC00032A00EB02011DD941EA030C1D461CF041
:1019EC00030F18D14FEA920E8C460EF1FF36A1EB85
:1019FC008E0453F804ED4CF804EDA445F9D1C6EB74
:101A0C00867302F0030201EB830105EB830C0439AE
:101A1C00ACF1040352B102F1FF3C6FEA0C0C9C4494
:101A2C0013F8012D634501F8012DF9D170BD032A7E
:101A3C0050D941EA00039B074ED10F2A51D922F00D
:101A4C000F0301F1100601F1100C2031103B00F1D5
:101A5C00100E19445CF8104C0CF1100C0EF1100E19
:101A6C004EF8204C5CF81C4C4EF81C4C5CF8184C96
:101A7C004EF8184C5CF8144C8C454EF8144CE9D1CB
:101A8C00F11812F00C0F034402F00F0503F11003D0
:101A9C0025D025F0030C1A1FACF104048C46264605
:101AAC001C195CF804EB42F804EFA242F9D10431A2
:101ABC00043305F0030231443344002AB6D0013A12
:101ACC000132013B0A4411F801CB914203F801CFDA
:101ADC00F9D170BD0346F0E7013A0346F0E72A4618
:101AEC00EBE703461546D4E730B584078646034634
:101AFC0006D0A2B303F8011B980702F1FF32F8D10C
:101B0C00032A26D95FFA81FC0F2A0CEB0C2C0CEB68
:101B1C000C402AD922F00F0C9C44C3E90000C3E905
:101B2C00020010336345F8D112F00C0F02F00F05D0
:101B3C0017D04FEA950C1A460CF1FF3403EB8C0CC2
:101B4C0042F8040B6245FBD1043305F0030203EBAE
:101B5C00840322B11A4403F8011B9A42FBD170464C
:101B6C0030BD2A46002AF5D1F9E71546E1E700BF5A
:101B7C008307C9B20FD0034607E093F800C0013ABF
:101B8C0001338C4505D0980704D01846002AF4D1AF
:101B9C00002070471846032A0DD8002AF8D00346B7
:101BAC00024401E09A42F3D093F800C01846013386
:101BBC008C45F7D1704701EB012310B5864603EB3A
:101BCC000344DEF8003070460EF1040E6340A3F1BE
:101BDC00013C2CEA030313F0803F04D1043A032A9E
:101BEC00EFD870465AB10346024401E09A4206D03F
:101BFC0093F800C0184601338C45F7D110BD002076
:101C0C0010BD00BF844641EA000313F0030349D121
:101C1C00403A23D30B6803604B6843608B68836046
:101C2C00CB68C3600B6903614B6943618B6983614A
:101C3C00CB69C3610B6A03624B6A43628B6A836232
:101C4C00CB6AC3620B6B03634B6B43638B6B83631A
:101C5C00CB6BC36340304031403ADBD230320BD3D4
:101C6C000B6803604B6843608B688360CB68C36010
:101C7C0010301031103AF3D20C3205D351F8043B2A
:101C8C0040F8043B043AF9D2043208D0D2071CBF06
:101C9C0011F8013B00F8013B01D30B88038060462F
:101CAC00704700BF082A13D38B07B1D010F0030381
:101CBC00AED0C3F10403D21ADB071CBF11F8013BF1
:101CCC0000F8013BA4D331F8023B20F8023B9FE71C
:101CDC00043AD9D3013A11F8013B00F8013BF9D28F
:101CEC000B7803704B7843708B7883706046704729
:101CFC005FF800F0993A00105FF800F04D3B0010CF
:101D0C005FF800F071C000105FF800F07110001067
:101D1C001000000000000000FFFFFFFFFFFFFF7F2F
:101D2C0000000000000000000000000000000000A7
:101D3C0000000000802300208D4300105546001049
:101D4C00FFFFFFFF00000200000000000000000089
:101D5C00481D0020481D0020501D0020501D002053
:101D6C00581D0020581D0020601D0020601D002003
:101D7C00681D0020681D0020701D0020701D0020B3
:101D8C00781D0020781D0020801D0020801D002063
:101D9C00881D0020881D0020901D0020901D002013
:101DAC00981D0020981D0020A01D0020A01D0020C3
:101DBC00A81D0020A81D0020B01D0020B01D002073
:101DCC00B81D0020B81D0020C01D0020C01D002023
:101DDC00C81D0020C81D0020D01D0020D01D0020D3
:101DEC00D81D0020D81D0020E01D0020E01D002083
:101DFC00E81D0020E81D0020F01D0020F01D002033
:101E0C00F81D0020F81D0020001E0020001E0020E0
:101E1C00081E0020081E0020101E0020101E00208E
:101E2C00181E0020181E0020201E0020201E00203E
:101E3C00281E0020281E0020301E0020301E0020EE
:101E4C00381E0020381E0020401E0020401E00209E
:101E5C00481E0020481E0020501E0020501E00204E
:101E6C00581E0020581E0020601E0020601E0020FE
:101E7C00681E0020681E0020701E0020701E0020AE
:101E8C00781E0020781E0020801E0020801E00205E
:101E9C00881E0020881E0020901E0020901E00200E
:101EAC00981E0020981E0020A01E0020A01E0020BE
:101EBC00A81E0020A81E0020B01E0020B01E00206E
:101ECC00B81E0020B81E0020C01E0020C01E00201E
:101EDC00C81E0020C81E0020D01E0020D01E0020CE
:101EEC00D81E0020D81E0020E01E0020E01E00207E
:101EFC00E81E0020E81E0020F01E0020F01E00202E
:101F0C00F81E0020F81E0020001F0020001F0020DB
:101F1C00081F0020081F0020101F0020101F002089
:101F2C00181F0020181F0020201F0020201F002039
:101F3C00281F0020281F0020301F0020301F0020E9
:101F4C00381F0020381F0020401F0020401F002099
:101F5C00481F0020481F0020501F0020501F002049
:101F6C00581F0020581F0020601F0020601F0020F9
:101F7C00681F0020681F0020701F0020701F0020A9
:101F8C00781F0020781F0020801F0020801F002059
:101F9C00881F0020881F0020901F0020901F002009
:101FAC00981F0020981F0020A01F0020A01F0020B9
:101FBC00A81F0020A81F0020B01F0020B01F002069
:101FCC00B81F0020B81F0020C01F0020C01F002019
:101FDC00C81F0020C81F0020D01F0020D01F0020C9
:101FEC00D81F0020D81F0020E01F0020E01F002079
:101FFC00E81F0020E81F0020F01F0020F01F002029
:10200C00F81F0020F81F00200020002000200020D6
:10201C000820002008200020102000201020002084
:10202C001820002018200020202000202020002034
:10203C0028200020282000203020002030200020E4
:10204C003820002038200020402000204020002094
:10205C004820002048200020502000205020002044
:10206C0058200020582000206020002060200020F4
:10207C0068200020682000207020002070200020A4
:10208C007820002078200020802000208020002054
:10209C008820002088200020902000209020002004
:1020AC009820002098200020A0200020A0200020B4
:1020BC00A8200020A8200020B0200020B020002064
:1020CC00B8200020B8200020C0200020C020002014
:1020DC00C8200020C8200020D0200020D0200020C4
:1020EC00D8200020D8200020E0200020E020002074
:1020FC00E8200020E8200020F0200020F020002024
:10210C00F8200020F82000200021002000210020D1
:10211C00082100200821002010210020102100207F
:10212C00182100201821002020210020202100202F
:10213C0028210020282100203021002030210020DF
:10214C00382100203821002040210020402100208F
:10215C000000000003000000782500206021002012
:10216C000000000078250020E025002048260020F3
:10217C000000000000000000000000000000000053
:10218C000000000000000000000000000000000043
:10219C000000000000000000000000000000000033
:1021AC000000000000000000000000000000000023
:1021BC000000000000000000000000000000000013
:1021CC000000000000000000000000000000000003
:1021DC0000000000000000000000000000000000F3
:1021EC0000000000000000000000000000000000E3
:1021FC0000000000000000000100000000000000D2
:10220C000E33CDAB34126DE6ECDE05000B00000096
:10221C0000000000000000000000000000000000B2
:10222C0000000000000000000000000000000000A2
:10223C000000000000000000000000000000000092
:10224C000000000000000000000000000000000082
:10225C000000000000000000000000000000000072
:10226C000000000000000000000000000000000062
:10227C000000000000000000000000000000000052
:10228C000000000000000000000000000000000042
:10229C000000000000000000000000000000000032
:1022AC000000000000000000000000000000000022
:1022BC000000000000000000000000000000000012
:1022CC000000000000000000000000000000000002
:1022DC0000000000000000000000000000000000F2
:1022EC0000000000000000000000000000000000E2
:1022FC0000000000000000000000000000000000D2
:10230C0000000000000000000000000000000000C1
:10231C0000000000000000000000000000000000B1
:10232C0000000000000000000000000000000000A1
:10233C000000000000000000000000000000000091
:10234C000000000000000000000000000000000081
:10235C000000000000000000000000000000000071
:0C236C001027002000000000000000000E
:10237800D3DEFFFFFE010000FF010000C0DDFEFF0D
:04238800793512ABE6
:040000051000014D99
:00000001FF
